date,TOTAL_MWh,NG_MWh
2019-01-01,986867.0,475027.0
2019-01-02,1132344.0,709027.0
2019-01-03,1104607.0,635041.0
2019-01-04,1016441.0,587463.0
2019-01-05,905098.0,433087.0
2019-01-06,834227.0,212468.0
2019-01-07,839297.0,316178.0
2019-01-08,859372.0,359638.0
2019-01-09,893524.0,465746.0
2019-01-10,937552.0,398202.0
2019-01-11,922859.0,318669.0
2019-01-12,886337.0,332712.0
2019-01-13,965480.0,542718.0
2019-01-14,1050040.0,635955.0
2019-01-15,1016758.0,525424.0
2019-01-16,936023.0,354785.0
2019-01-17,869600.0,381924.0
2019-01-18,886014.0,191110.0
2019-01-19,966667.0,309812.0
2019-01-20,1026877.0,453169.0
2019-01-21,1003150.0,261755.0
2019-01-22,905193.0,222969.0
2019-01-23,1082309.0,494285.0
2019-01-24,1057358.0,445426.0
2019-01-25,1005738.0,523372.0
2019-01-26,913720.0,460361.0
2019-01-27,875651.0,349902.0
2019-01-28,933528.0,243063.0
2019-01-29,1044674.0,539416.0
2019-01-30,1062501.0,500019.0
2019-01-31,983179.0,356706.0
2019-02-01,873857.0,350623.0
2019-02-02,815615.0,221160.0
2019-02-03,796201.0,149054.0
2019-02-04,851401.0,293335.0
2019-02-05,877536.0,278153.0
2019-02-06,894455.0,254864.0
2019-02-07,931771.0,337986.0
2019-02-08,1190909.0,641539.0
2019-02-09,1147307.0,602496.0
2019-02-10,1021368.0,496550.0
2019-02-11,938672.0,297402.0
2019-02-12,908190.0,374495.0
2019-02-13,971392.0,260397.0
2019-02-14,879818.0,250361.0
2019-02-15,867727.0,290476.0
2019-02-16,916009.0,364178.0
2019-02-17,869213.0,354648.0
2019-02-18,1008510.0,412222.0
2019-02-19,1074856.0,601776.0
2019-02-20,986054.0,445885.0
2019-02-21,974219.0,357631.0
2019-02-22,939536.0,426652.0
2019-02-23,847674.0,206124.0
2019-02-24,855915.0,325034.0
2019-02-25,922584.0,248449.0
2019-02-26,881437.0,310343.0
2019-02-27,893591.0,356895.0
2019-02-28,1044890.0,550193.0
2019-03-01,1002235.0,491572.0
2019-03-02,937928.0,424727.0
2019-03-03,1018371.0,429501.0
2019-03-04,1295957.0,710066.0
2019-03-05,1216037.0,720421.0
2019-03-06,1097481.0,452709.0
2019-03-07,916621.0,287599.0
2019-03-08,874795.0,306029.0
2019-03-09,853808.0,316726.0
2019-03-10,805518.0,347191.0
2019-03-11,881468.0,444765.0
2019-03-12,877088.0,293084.0
2019-03-13,866734.0,229298.0
2019-03-14,848737.0,268258.0
2019-03-15,858852.0,350809.0
2019-03-16,845899.0,422387.0
2019-03-17,819966.0,433028.0
2019-03-18,856429.0,442357.0
2019-03-19,843003.0,344690.0
2019-03-20,836843.0,412272.0
2019-03-21,842540.0,442218.0
2019-03-22,837535.0,259462.0
2019-03-23,792933.0,286641.0
2019-03-24,814905.0,342378.0
2019-03-25,882142.0,454388.0
2019-03-26,848351.0,374239.0
2019-03-27,845539.0,207628.0
2019-03-28,850278.0,221476.0
2019-03-29,857654.0,298625.0
2019-03-30,814271.0,209843.0
2019-03-31,847488.0,374945.0
2019-04-01,908869.0,504923.0
2019-04-02,890418.0,283717.0
2019-04-03,848825.0,221259.0
2019-04-04,902813.0,433052.0
2019-04-05,899982.0,368230.0
2019-04-06,851034.0,361345.0
2019-04-07,810589.0,354015.0
2019-04-08,895324.0,485915.0
2019-04-09,951014.0,413145.0
2019-04-10,980882.0,323823.0
2019-04-11,894942.0,363158.0
2019-04-12,860247.0,356978.0
2019-04-13,852816.0,247687.0
2019-04-14,800852.0,319968.0
2019-04-15,871944.0,249062.0
2019-04-16,902508.0,266693.0
2019-04-17,944781.0,323578.0
2019-04-18,869538.0,292006.0
2019-04-19,803186.0,371912.0
2019-04-20,812438.0,247452.0
2019-04-21,831963.0,208253.0
2019-04-22,911205.0,360379.0
2019-04-23,901399.0,406363.0
2019-04-24,881644.0,462341.0
2019-04-25,924149.0,491258.0
2019-04-26,934968.0,421491.0
2019-04-27,920044.0,359748.0
2019-04-28,933137.0,337255.0
2019-04-29,999881.0,425031.0
2019-04-30,1024183.0,458457.0
2019-05-01,1029129.0,488948.0
2019-05-02,968629.0,473336.0
2019-05-03,925217.0,510203.0
2019-05-04,906708.0,523810.0
2019-05-05,940908.0,429353.0
2019-05-06,991402.0,435964.0
2019-05-07,1012765.0,440508.0
2019-05-08,968343.0,446918.0
2019-05-09,993837.0,438913.0
2019-05-10,859317.0,393621.0
2019-05-11,812196.0,443072.0
2019-05-12,830862.0,474175.0
2019-05-13,934566.0,492553.0
2019-05-14,982526.0,540607.0
2019-05-15,1023065.0,529080.0
2019-05-16,1049429.0,448316.0
2019-05-17,1074379.0,377889.0
2019-05-18,1013296.0,396517.0
2019-05-19,1059987.0,550813.0
2019-05-20,1161161.0,449755.0
2019-05-21,1107879.0,447702.0
2019-05-22,1171987.0,499211.0
2019-05-23,1225518.0,473618.0
2019-05-24,1199666.0,532666.0
2019-05-25,1128852.0,453641.0
2019-05-26,1094687.0,399863.0
2019-05-27,1121467.0,420629.0
2019-05-28,1172844.0,507910.0
2019-05-29,1158549.0,543728.0
2019-05-30,1126711.0,598248.0
2019-05-31,1113157.0,613449.0
2019-06-01,1115095.0,566187.0
2019-06-02,1101968.0,576594.0
2019-06-03,1211233.0,649707.0
2019-06-04,1151996.0,613394.0
2019-06-05,1111417.0,643398.0
2019-06-06,1147664.0,688995.0
2019-06-07,1153492.0,717200.0
2019-06-08,1177223.0,673211.0
2019-06-09,1161360.0,551543.0
2019-06-10,1120338.0,599988.0
2019-06-11,1039546.0,548374.0
2019-06-12,1088057.0,578488.0
2019-06-13,1135819.0,581709.0
2019-06-14,1173596.0,435709.0
2019-06-15,1214481.0,496524.0
2019-06-16,1082316.0,529680.0
2019-06-17,1104312.0,613729.0
2019-06-18,1215113.0,652590.0
2019-06-19,1290826.0,726720.0
2019-06-20,1306591.0,656413.0
2019-06-21,1349454.0,564344.0
2019-06-22,1254123.0,521565.0
2019-06-23,1248925.0,565736.0
2019-06-24,1131377.0,581694.0
2019-06-25,1130557.0,571672.0
2019-06-26,1162663.0,551801.0
2019-06-27,1189965.0,588739.0
2019-06-28,1216066.0,644166.0
2019-06-29,1159433.0,650575.0
2019-06-30,1074703.0,578091.0
2019-07-01,1205641.0,609464.0
2019-07-02,1226927.0,610436.0
2019-07-03,1189069.0,560568.0
2019-07-04,1182273.0,542615.0
2019-07-05,1259048.0,619176.0
2019-07-06,1217375.0,682116.0
2019-07-07,1220163.0,718940.0
2019-07-08,1280612.0,709853.0
2019-07-09,1318159.0,723125.0
2019-07-10,1335847.0,788612.0
2019-07-11,1291835.0,812877.0
2019-07-12,1287780.0,820800.0
2019-07-13,1223219.0,751446.0
2019-07-14,1191644.0,711449.0
2019-07-15,1287812.0,767083.0
2019-07-16,1362009.0,702484.0
2019-07-17,1361862.0,632788.0
2019-07-18,1360710.0,601184.0
2019-07-19,1357011.0,594536.0
2019-07-20,1316204.0,586864.0
2019-07-21,1276869.0,650422.0
2019-07-22,1290218.0,688179.0
2019-07-23,1199869.0,676124.0
2019-07-24,1147972.0,670473.0
2019-07-25,1126967.0,587958.0
2019-07-26,1161932.0,600939.0
2019-07-27,1201847.0,601780.0
2019-07-28,1240190.0,579381.0
2019-07-29,1307605.0,706493.0
2019-07-30,1332406.0,792695.0
2019-07-31,1321053.0,779328.0
2019-08-01,1320028.0,748612.0
2019-08-02,1329327.0,767108.0
2019-08-03,1228190.0,701612.0
2019-08-04,1212271.0,751726.0
2019-08-05,1335453.0,834861.0
2019-08-06,1376206.0,828123.0
2019-08-07,1404782.0,791198.0
2019-08-08,1400497.0,767026.0
2019-08-09,1410045.0,803166.0
2019-08-10,1371920.0,766013.0
2019-08-11,1363145.0,745187.0
2019-08-12,1437398.0,823645.0
2019-08-13,1439516.0,858545.0
2019-08-14,1377894.0,847702.0
2019-08-15,1355693.0,850240.0
2019-08-16,1392277.0,790131.0
2019-08-17,1372216.0,720318.0
2019-08-18,1366237.0,709793.0
2019-08-19,1425553.0,800772.0
2019-08-20,1394995.0,821284.0
2019-08-21,1375448.0,813068.0
2019-08-22,1364540.0,824019.0
2019-08-23,1306325.0,768614.0
2019-08-24,1240216.0,749457.0
2019-08-25,1260228.0,705211.0
2019-08-26,1429016.0,756961.0
2019-08-27,1296634.0,683361.0
2019-08-28,1284696.0,776796.0
2019-08-29,1328097.0,736117.0
2019-08-30,1269889.0,691833.0
2019-08-31,1161640.0,694584.0
2019-09-01,1192742.0,749929.0
2019-09-02,1231464.0,773150.0
2019-09-03,1282160.0,774034.0
2019-09-04,1302125.0,773376.0
2019-09-05,1279762.0,785797.0
2019-09-06,1297647.0,818573.0
2019-09-07,1272433.0,737205.0
2019-09-08,1249108.0,601078.0
2019-09-09,1284394.0,620150.0
2019-09-10,1267051.0,592684.0
2019-09-11,1225976.0,559662.0
2019-09-12,1244651.0,637262.0
2019-09-13,1239300.0,722266.0
2019-09-14,1198548.0,682538.0
2019-09-15,1198161.0,676962.0
2019-09-16,1243916.0,692819.0
2019-09-17,1197372.0,653862.0
2019-09-18,1219780.0,676148.0
2019-09-19,1162958.0,605417.0
2019-09-20,1213480.0,575380.0
2019-09-21,1197015.0,533638.0
2019-09-22,1181939.0,648742.0
2019-09-23,1260003.0,733515.0
2019-09-24,1255009.0,686239.0
2019-09-25,1260095.0,670911.0
2019-09-26,1244574.0,670313.0
2019-09-27,1226736.0,576854.0
2019-09-28,1220953.0,536747.0
2019-09-29,1223100.0,490181.0
2019-09-30,1269202.0,547175.0
2019-10-01,1264944.0,569044.0
2019-10-02,1240553.0,656483.0
2019-10-03,1222486.0,675541.0
2019-10-04,1178679.0,702090.0
2019-10-05,1143259.0,651596.0
2019-10-06,1143658.0,635934.0
2019-10-07,1041894.0,542990.0
2019-10-08,978145.0,454620.0
2019-10-09,1082353.0,411407.0
2019-10-10,1191678.0,507012.0
2019-10-11,900269.0,357717.0
2019-10-12,788579.0,345378.0
2019-10-13,825647.0,385155.0
2019-10-14,985144.0,488542.0
2019-10-15,1102106.0,545691.0
2019-10-16,902380.0,449064.0
2019-10-17,837304.0,383464.0
2019-10-18,884629.0,334991.0
2019-10-19,956781.0,465695.0
2019-10-20,1004607.0,403339.0
2019-10-21,947633.0,461081.0
2019-10-22,860338.0,410061.0
2019-10-23,899225.0,304913.0
2019-10-24,932946.0,310245.0
2019-10-25,870396.0,268806.0
2019-10-26,810262.0,338583.0
2019-10-27,808961.0,278562.0
2019-10-28,876962.0,386408.0
2019-10-29,922782.0,447900.0
2019-10-30,972503.0,396112.0
2019-10-31,1002722.0,515151.0
2019-11-01,972276.0,419089.0
2019-11-02,866352.0,389882.0
2019-11-03,881641.0,293559.0
2019-11-04,874078.0,358746.0
2019-11-05,889040.0,424957.0
2019-11-06,907443.0,376044.0
2019-11-07,918627.0,328039.0
2019-11-08,940684.0,483017.0
2019-11-09,863903.0,394798.0
2019-11-10,820995.0,271581.0
2019-11-11,962514.0,317218.0
2019-11-12,1198948.0,653154.0
2019-11-13,1175017.0,583777.0
2019-11-14,1044013.0,532289.0
2019-11-15,975888.0,506726.0
2019-11-16,921069.0,331376.0
2019-11-17,859844.0,379788.0
2019-11-18,874680.0,454597.0
2019-11-19,867928.0,339920.0
2019-11-20,878378.0,228480.0
2019-11-21,901325.0,339235.0
2019-11-22,905870.0,469957.0
2019-11-23,878150.0,461985.0
2019-11-24,859120.0,393123.0
2019-11-25,890885.0,320234.0
2019-11-26,915837.0,237956.0
2019-11-27,909044.0,408702.0
2019-11-28,875261.0,460188.0
2019-11-29,876561.0,316382.0
2019-11-30,877134.0,246588.0
2019-12-01,846711.0,373990.0
2019-12-02,951923.0,476344.0
2019-12-03,949828.0,441926.0
2019-12-04,919333.0,449557.0
2019-12-05,899539.0,316630.0
2019-12-06,882996.0,417007.0
2019-12-07,872694.0,413623.0
2019-12-08,867359.0,266258.0
2019-12-09,925126.0,365359.0
2019-12-10,1024704.0,539195.0
2019-12-11,1054250.0,516223.0
2019-12-12,1011730.0,497979.0
2019-12-13,941534.0,458540.0
2019-12-14,890442.0,400802.0
2019-12-15,891246.0,298352.0
2019-12-16,1015635.0,381990.0
2019-12-17,1103691.0,574718.0
2019-12-18,1101609.0,57927.0
2019-12-19,1084561.0,439660.0
2019-12-20,1026318.0,473217.0
2019-12-21,946884.0,517603.0
2019-12-22,949760.0,489223.0
2019-12-23,975335.0,434706.0
2019-12-24,906765.0,295483.0
2019-12-25,819956.0,282112.0
2019-12-26,846116.0,413185.0
2019-12-27,848117.0,278358.0
2019-12-28,848162.0,242929.0
2019-12-29,857867.0,317737.0
2019-12-30,966810.0,540668.0
2019-12-31,972912.0,521378.0
2020-01-01,918150.0,299790.0
2020-01-02,898740.0,326612.0
2020-01-03,904407.0,352998.0
2020-01-04,909955.0,390503.0
2020-01-05,873727.0,302496.0
2020-01-06,920671.0,410673.0
2020-01-07,934769.0,415218.0
2020-01-08,973855.0,15472.0
2020-01-09,892566.0,267234.0
2020-01-10,895131.0,316883.0
2020-01-11,948372.0,383693.0
2020-01-12,978297.0,421553.0
2020-01-13,948613.0,368205.0
2020-01-14,907142.0,398932.0
2020-01-15,913400.0,15198.0
2020-01-16,934678.0,411207.0
2020-01-17,924334.0,450543.0
2020-01-18,861537.0,338723.0
2020-01-19,925561.0,489035.0
2020-01-20,985120.0,592626.0
2020-01-21,1010767.0,431118.0
2020-01-22,1022565.0,17688.0
2020-01-23,934419.0,502791.0
2020-01-24,950951.0,520082.0
2020-01-25,909415.0,356073.0
2020-01-26,830958.0,472326.0
2020-01-27,900953.0,384301.0
2020-01-28,923041.0,266446.0
2020-01-29,1004363.0,539682.0
2020-01-30,1020397.0,641179.0
2020-01-31,962513.0,562141.0
2020-02-01,918797.0,446657.0
2020-02-02,856327.0,255482.0
2020-02-03,868229.0,225933.0
2020-02-04,928412.0,324703.0
2020-02-05,1111612.0,595808.0
2020-02-06,1137796.0,636109.0
2020-02-07,1013278.0,517630.0
2020-02-08,899077.0,361498.0
2020-02-09,850711.0,245573.0
2020-02-10,960098.0,482248.0
2020-02-11,1043368.0,558909.0
2020-02-12,1023110.0,576103.0
2020-02-13,1053253.0,589180.0
2020-02-14,1064407.0,543266.0
2020-02-15,935532.0,398130.0
2020-02-16,836045.0,377140.0
2020-02-17,884732.0,345613.0
2020-02-18,914530.0,347625.0
2020-02-19,972696.0,559287.0
2020-02-20,1053175.0,447478.0
2020-02-21,1060131.0,598439.0
2020-02-22,944199.0,367465.0
2020-02-23,880650.0,244400.0
2020-02-24,880081.0,349185.0
2020-02-25,927894.0,333924.0
2020-02-26,1031935.0,466090.0
2020-02-27,1047140.0,539538.0
2020-02-28,945703.0,535022.0
2020-02-29,860488.0,241483.0
2020-03-01,822832.0,254279.0
2020-03-02,876587.0,400011.0
2020-03-03,896852.0,431350.0
2020-03-04,906681.0,363206.0
2020-03-05,889704.0,359579.0
2020-03-06,878002.0,388093.0
2020-03-07,866369.0,239364.0
2020-03-08,817805.0,180414.0
2020-03-09,868431.0,362983.0
2020-03-10,899828.0,444093.0
2020-03-11,933239.0,461533.0
2020-03-12,950081.0,452825.0
2020-03-13,927205.0,428854.0
2020-03-14,896352.0,480479.0
2020-03-15,876387.0,440679.0
2020-03-16,888795.0,492064.0
2020-03-17,928992.0,449787.0
2020-03-18,950808.0,62686.0
2020-03-19,984928.0,367912.0
2020-03-20,917056.0,374389.0
2020-03-21,865515.0,483964.0
2020-03-22,838347.0,457614.0
2020-03-23,905492.0,430832.0
2020-03-24,953923.0,456986.0
2020-03-25,975002.0,448237.0
2020-03-26,1009629.0,409179.0
2020-03-27,1013834.0,467831.0
2020-03-28,910353.0,328786.0
2020-03-29,817681.0,407963.0
2020-03-30,889432.0,374843.0
2020-03-31,877702.0,439392.0
2020-04-01,852725.0,258951.0
2020-04-02,867251.0,297599.0
2020-04-03,899070.0,329244.0
2020-04-04,877390.0,442060.0
2020-04-05,817005.0,393701.0
2020-04-06,854412.0,360147.0
2020-04-07,962567.0,452940.0
2020-04-08,1030974.0,527125.0
2020-04-09,962605.0,512168.0
2020-04-10,849662.0,351902.0
2020-04-11,828229.0,263779.0
2020-04-12,904612.0,240099.0
2020-04-13,831371.0,325711.0
2020-04-14,841382.0,390954.0
2020-04-15,837917.0,359182.0
2020-04-16,838649.0,237108.0
2020-04-17,857539.0,370557.0
2020-04-18,825240.0,378909.0
2020-04-19,854613.0,339530.0
2020-04-20,892050.0,470920.0
2020-04-21,941050.0,424486.0
2020-04-22,956407.0,328351.0
2020-04-23,954713.0,466184.0
2020-04-24,968386.0,360132.0
2020-04-25,844718.0,362293.0
2020-04-26,853468.0,235047.0
2020-04-27,933137.0,301140.0
2020-04-28,1024971.0,383996.0
2020-04-29,921024.0,373877.0
2020-04-30,900705.0,404535.0
2020-05-01,942362.0,289934.0
2020-05-02,986500.0,347571.0
2020-05-03,1022997.0,471048.0
2020-05-04,1112336.0,484804.0
2020-05-05,1043218.0,454310.0
2020-05-06,940417.0,470580.0
2020-05-07,965800.0,289304.0
2020-05-08,977881.0,329719.0
2020-05-09,810448.0,362334.0
2020-05-10,827247.0,356418.0
2020-05-11,928870.0,324282.0
2020-05-12,942348.0,429724.0
2020-05-13,1003870.0,361407.0
2020-05-14,1081823.0,471064.0
2020-05-15,1049218.0,448175.0
2020-05-16,866585.0,467386.0
2020-05-17,915834.0,525718.0
2020-05-18,1070397.0,524841.0
2020-05-19,1160105.0,557822.0
2020-05-20,1132149.0,523563.0
2020-05-21,1122202.0,496067.0
2020-05-22,1177705.0,531579.0
2020-05-23,1127004.0,397313.0
2020-05-24,1027212.0,358609.0
2020-05-25,895888.0,400473.0
2020-05-26,951484.0,497472.0
2020-05-27,990829.0,500497.0
2020-05-28,1015233.0,510687.0
2020-05-29,1033205.0,567293.0
2020-05-30,994774.0,485187.0
2020-05-31,963521.0,473926.0
2020-06-01,1018505.0,528981.0
2020-06-02,1107009.0,572098.0
2020-06-03,1155050.0,619387.0
2020-06-04,1218367.0,616642.0
2020-06-05,1234830.0,635384.0
2020-06-06,1218721.0,606443.0
2020-06-07,1206889.0,618399.0
2020-06-08,1283132.0,659260.0
2020-06-09,1316125.0,601043.0
2020-06-10,1107667.0,590619.0
2020-06-11,1114513.0,478377.0
2020-06-12,1106753.0,505963.0
2020-06-13,1097997.0,468542.0
2020-06-14,1108058.0,492940.0
2020-06-15,1217703.0,579780.0
2020-06-16,1229300.0,559923.0
2020-06-17,1223266.0,496211.0
2020-06-18,1223106.0,533959.0
2020-06-19,1208708.0,503450.0
2020-06-20,1119833.0,525961.0
2020-06-21,1119397.0,443793.0
2020-06-22,1168712.0,505916.0
2020-06-23,1106746.0,564274.0
2020-06-24,1123758.0,620624.0
2020-06-25,1150875.0,585597.0
2020-06-26,1143236.0,494547.0
2020-06-27,1182088.0,461907.0
2020-06-28,1170085.0,442518.0
2020-06-29,1275777.0,495032.0
2020-06-30,1304352.0,564044.0
2020-07-01,1325087.0,664823.0
2020-07-02,1318978.0,700498.0
2020-07-03,1266770.0,725662.0
2020-07-04,1232207.0,708000.0
2020-07-05,1226810.0,699079.0
2020-07-06,1246152.0,735995.0
2020-07-07,1250492.0,715444.0
2020-07-08,1318045.0,667478.0
2020-07-09,1365101.0,626052.0
2020-07-10,1361704.0,677090.0
2020-07-11,1351199.0,700006.0
2020-07-12,1315258.0,685486.0
2020-07-13,1418960.0,707701.0
2020-07-14,1402851.0,662985.0
2020-07-15,1382548.0,664284.0
2020-07-16,1391461.0,741595.0
2020-07-17,1346851.0,691035.0
2020-07-18,1257384.0,625223.0
2020-07-19,1261763.0,664564.0
2020-07-20,1305868.0,718964.0
2020-07-21,1261802.0,732566.0
2020-07-22,1297097.0,774395.0
2020-07-23,1337473.0,783681.0
2020-07-24,1331045.0,754129.0
2020-07-25,1181357.0,621069.0
2020-07-26,1142973.0,603024.0
2020-07-27,1227882.0,696482.0
2020-07-28,1182318.0,675544.0
2020-07-29,1197523.0,626413.0
2020-07-30,1308389.0,651103.0
2020-07-31,1250872.0,723442.0
2020-08-01,1134200.0,714203.0
2020-08-02,1162016.0,702247.0
2020-08-03,1232459.0,755011.0
2020-08-04,1265297.0,703592.0
2020-08-05,1280461.0,644037.0
2020-08-06,1330282.0,614782.0
2020-08-07,1355271.0,606206.0
2020-08-08,1306969.0,590764.0
2020-08-09,1306571.0,564561.0
2020-08-10,1384116.0,628761.0
2020-08-11,1412368.0,689617.0
2020-08-12,1427512.0,741228.0
2020-08-13,1430594.0,743909.0
2020-08-14,1423388.0,776652.0
2020-08-15,1389776.0,813866.0
2020-08-16,1356994.0,791552.0
2020-08-17,1266636.0,762158.0
2020-08-18,1291389.0,803125.0
2020-08-19,1252997.0,710527.0
2020-08-20,1252772.0,648383.0
2020-08-21,1263798.0,662327.0
2020-08-22,1189247.0,606113.0
2020-08-23,1202614.0,662947.0
2020-08-24,1271289.0,706487.0
2020-08-25,1286328.0,760857.0
2020-08-26,1273268.0,708311.0
2020-08-27,1283356.0,721749.0
2020-08-28,1398627.0,719719.0
2020-08-29,1367278.0,736090.0
2020-08-30,1312330.0,676011.0
2020-08-31,1424158.0,727314.0
2020-09-01,1361462.0,650666.0
2020-09-02,1241240.0,671102.0
2020-09-03,1219912.0,656773.0
2020-09-04,1177560.0,646093.0
2020-09-05,1110460.0,598456.0
2020-09-06,1131436.0,557342.0
2020-09-07,1197424.0,509137.0
2020-09-08,1208298.0,448040.0
2020-09-09,1135892.0,412869.0
2020-09-10,974557.0,463721.0
2020-09-11,1010378.0,551981.0
2020-09-12,1085728.0,615791.0
2020-09-13,1120482.0,655410.0
2020-09-14,1166674.0,663523.0
2020-09-15,1190049.0,699814.0
2020-09-16,1185024.0,700933.0
2020-09-17,1152338.0,633544.0
2020-09-18,1099955.0,582671.0
2020-09-19,994854.0,507442.0
2020-09-20,924339.0,425970.0
2020-09-21,958677.0,457463.0
2020-09-22,972886.0,515203.0
2020-09-23,976755.0,552689.0
2020-09-24,974158.0,547583.0
2020-09-25,1024888.0,449369.0
2020-09-26,1050435.0,367100.0
2020-09-27,1139159.0,427742.0
2020-09-28,990770.0,369430.0
2020-09-29,914662.0,481132.0
2020-09-30,954484.0,474634.0
2020-10-01,969978.0,442775.0
2020-10-02,940385.0,376374.0
2020-10-03,927364.0,332751.0
2020-10-04,939280.0,461654.0
2020-10-05,995287.0,402178.0
2020-10-06,1038581.0,535156.0
2020-10-07,1057836.0,553760.0
2020-10-08,1075088.0,505735.0
2020-10-09,1093706.0,554863.0
2020-10-10,1063590.0,590463.0
2020-10-11,1131224.0,542460.0
2020-10-12,1118027.0,591946.0
2020-10-13,1031817.0,543119.0
2020-10-14,1093006.0,459859.0
2020-10-15,1083169.0,407973.0
2020-10-16,893845.0,357585.0
2020-10-17,888372.0,273033.0
2020-10-18,1025636.0,415151.0
2020-10-19,1043807.0,597083.0
2020-10-20,1097230.0,489964.0
2020-10-21,1114077.0,440668.0
2020-10-22,1111041.0,423539.0
2020-10-23,1007815.0,397874.0
2020-10-24,827103.0,342838.0
2020-10-25,879521.0,264698.0
2020-10-26,988121.0,415255.0
2020-10-27,1000827.0,602209.0
2020-10-28,988165.0,488590.0
2020-10-29,956436.0,390565.0
2020-10-30,896584.0,475159.0
2020-10-31,847383.0,339665.0
2020-11-01,850329.0,345859.0
2020-11-02,870468.0,351103.0
2020-11-03,883414.0,268396.0
2020-11-04,889770.0,255218.0
2020-11-05,889157.0,420701.0
2020-11-06,882233.0,436186.0
2020-11-07,872358.0,255622.0
2020-11-08,886809.0,227330.0
2020-11-09,984476.0,306322.0
2020-11-10,964935.0,438972.0
2020-11-11,937302.0,482221.0
2020-11-12,940613.0,424981.0
2020-11-13,935155.0,451112.0
2020-11-14,963292.0,313664.0
2020-11-15,854506.0,304344.0
2020-11-16,891795.0,342562.0
2020-11-17,892890.0,339132.0
2020-11-18,902722.0,238411.0
2020-11-19,915888.0,257941.0
2020-11-20,918792.0,369267.0
2020-11-21,879040.0,407410.0
2020-11-22,870064.0,363948.0
2020-11-23,894116.0,306992.0
2020-11-24,940673.0,192943.0
2020-11-25,910084.0,352176.0
2020-11-26,870904.0,266967.0
2020-11-27,872679.0,240989.0
2020-11-28,866835.0,380415.0
2020-11-29,890042.0,296859.0
2020-11-30,1034884.0,445028.0
2020-12-01,1074899.0,322537.0
2020-12-02,983366.0,244430.0
2020-12-03,1052162.0,401301.0
2020-12-04,1035998.0,593083.0
2020-12-05,995012.0,542759.0
2020-12-06,919400.0,419310.0
2020-12-07,975331.0,553552.0
2020-12-08,957862.0,517552.0
2020-12-09,943820.0,366255.0
2020-12-10,924701.0,218721.0
2020-12-11,891785.0,327234.0
2020-12-12,895210.0,320674.0
2020-12-13,978618.0,272508.0
2020-12-14,1088901.0,451160.0
2020-12-15,1098487.0,380473.0
2020-12-16,1105126.0,569748.0
2020-12-17,1100419.0,501627.0
2020-12-18,1020284.0,267777.0
2020-12-19,883908.0,331660.0
2020-12-20,918236.0,394348.0
2020-12-21,958358.0,401635.0
2020-12-22,932205.0,195044.0
2020-12-23,918540.0,175520.0
2020-12-24,1024822.0,307387.0
2020-12-25,949349.0,358603.0
2020-12-26,917286.0,174230.0
2020-12-27,852549.0,192950.0
2020-12-28,902731.0,214471.0
2020-12-29,890564.0,166000.0
2020-12-30,948249.0,226610.0
2020-12-31,1083286.0,438814.0
2021-01-01,1058787.0,499334.0
2021-01-02,992503.0,445974.0
2021-01-03,946993.0,352074.0
2021-01-04,950550.0,408013.0
2021-01-05,940062.0,313298.0
2021-01-06,929745.0,180916.0
2021-01-07,998811.0,376463.0
2021-01-08,1047237.0,498701.0
2021-01-09,1061565.0,507793.0
2021-01-10,1146516.0,560290.0
2021-01-11,1199508.0,685771.0
2021-01-12,1175318.0,618566.0
2021-01-13,1090445.0,361090.0
2021-01-14,1012997.0,248667.0
2021-01-15,1054689.0,317908.0
2021-01-16,1006611.0,445693.0
2021-01-17,941595.0,400179.0
2021-01-18,974630.0,205312.0
2021-01-19,934310.0,222431.0
2021-01-20,979019.0,450845.0
2021-01-21,945067.0,398401.0
2021-01-22,922238.0,438671.0
2021-01-23,895342.0,335249.0
2021-01-24,882566.0,247165.0
2021-01-25,915473.0,225160.0
2021-01-26,939816.0,413399.0
2021-01-27,966888.0,391169.0
2021-01-28,1052965.0,434312.0
2021-01-29,993073.0,252530.0
2021-01-30,876837.0,148656.0
2021-01-31,885734.0,235618.0
2021-02-01,979589.0,453759.0
2021-02-02,968733.0,315873.0
2021-02-03,931566.0,220544.0
2021-02-04,899032.0,215743.0
2021-02-05,954790.0,370172.0
2021-02-06,922601.0,238731.0
2021-02-07,941130.0,178512.0
2021-02-08,949471.0,307208.0
2021-02-09,1044704.0,535116.0
2021-02-10,1148896.0,667561.0
2021-02-11,1316349.0,814267.0
2021-02-12,1407236.0,885601.0
2021-02-13,1380718.0,889900.0
2021-02-14,1469673.0,899328.0
2021-02-15,1160801.0,759708.0
2021-02-16,1065116.0,692091.0
2021-02-17,1074624.0,719414.0
2021-02-18,1227142.0,757320.0
2021-02-19,1157027.0,637380.0
2021-02-20,1007875.0,427406.0
2021-02-21,830646.0,292076.0
2021-02-22,837607.0,331779.0
2021-02-23,842670.0,239507.0
2021-02-24,821870.0,229433.0
2021-02-25,882593.0,297966.0
2021-02-26,896506.0,365206.0
2021-02-27,850912.0,238173.0
2021-02-28,843233.0,214284.0
2021-03-01,909474.0,339562.0
2021-03-02,902852.0,391176.0
2021-03-03,901679.0,308773.0
2021-03-04,866865.0,188226.0
2021-03-05,850459.0,197319.0
2021-03-06,811784.0,320439.0
2021-03-07,825840.0,204172.0
2021-03-08,874519.0,194026.0
2021-03-09,858752.0,163828.0
2021-03-10,880004.0,191301.0
2021-03-11,897112.0,298229.0
2021-03-12,924513.0,228948.0
2021-03-13,875606.0,149401.0
2021-03-14,783700.0,147166.0
2021-03-15,868381.0,324805.0
2021-03-16,912768.0,256801.0
2021-03-17,894509.0,182013.0
2021-03-18,876168.0,288180.0
2021-03-19,870864.0,410171.0
2021-03-20,837450.0,291108.0
2021-03-21,833903.0,147631.0
2021-03-22,884303.0,189814.0
2021-03-23,896294.0,401212.0
2021-03-24,889384.0,326487.0
2021-03-25,885622.0,375893.0
2021-03-26,904566.0,271838.0
2021-03-27,921345.0,324635.0
2021-03-28,826897.0,312074.0
2021-03-29,878107.0,215829.0
2021-03-30,923959.0,261945.0
2021-03-31,904378.0,260322.0
2021-04-01,865272.0,317472.0
2021-04-02,852318.0,181143.0
2021-04-03,821472.0,207775.0
2021-04-04,808726.0,274507.0
2021-04-05,910816.0,220303.0
2021-04-06,981996.0,221841.0
2021-04-07,978754.0,375164.0
2021-04-08,978903.0,504988.0
2021-04-09,1046521.0,382416.0
2021-04-10,909698.0,380894.0
2021-04-11,910190.0,335559.0
2021-04-12,1010333.0,361890.0
2021-04-13,1006406.0,467458.0
2021-04-14,981239.0,486348.0
2021-04-15,919954.0,429018.0
2021-04-16,919805.0,384850.0
2021-04-17,847163.0,309420.0
2021-04-18,822856.0,428204.0
2021-04-19,876010.0,412546.0
2021-04-20,907136.0,304659.0
2021-04-21,899083.0,350037.0
2021-04-22,889168.0,264584.0
2021-04-23,931893.0,245767.0
2021-04-24,917715.0,356079.0
2021-04-25,931414.0,220256.0
2021-04-26,1013191.0,239302.0
2021-04-27,1024576.0,275268.0
2021-04-28,1080781.0,416794.0
2021-04-29,1016252.0,373244.0
2021-04-30,932861.0,419362.0
2021-05-01,880015.0,415476.0
2021-05-02,982265.0,355353.0
2021-05-03,1149887.0,432816.0
2021-05-04,1040361.0,413915.0
2021-05-05,963936.0,381196.0
2021-05-06,1001655.0,418224.0
2021-05-07,1033935.0,295792.0
2021-05-08,1066847.0,265279.0
2021-05-09,1089717.0,358623.0
2021-05-10,1070682.0,435039.0
2021-05-11,1029818.0,413137.0
2021-05-12,909573.0,361550.0
2021-05-13,926403.0,423385.0
2021-05-14,979325.0,284680.0
2021-05-15,967403.0,237853.0
2021-05-16,947440.0,315989.0
2021-05-17,1045071.0,338980.0
2021-05-18,989329.0,334118.0
2021-05-19,947957.0,375719.0
2021-05-20,1002316.0,367039.0
2021-05-21,1067057.0,312762.0
2021-05-22,1006737.0,309860.0
2021-05-23,966335.0,241698.0
2021-05-24,1031355.0,325181.0
2021-05-25,1082062.0,415470.0
2021-05-26,1191595.0,417325.0
2021-05-27,1205182.0,467242.0
2021-05-28,1115707.0,471788.0
2021-05-29,1025023.0,471267.0
2021-05-30,1002361.0,337743.0
2021-05-31,1017020.0,407379.0
2021-06-01,1030462.0,578678.0
2021-06-02,1069845.0,596557.0
2021-06-03,1023007.0,511002.0
2021-06-04,1017277.0,498912.0
2021-06-05,1044085.0,448909.0
2021-06-06,1106921.0,376613.0
2021-06-07,1189277.0,495632.0
2021-06-08,1262466.0,525908.0
2021-06-09,1306199.0,554991.0
2021-06-10,1317222.0,539583.0
2021-06-11,1326904.0,513371.0
2021-06-12,1266512.0,622522.0
2021-06-13,1299614.0,739282.0
2021-06-14,1353961.0,820715.0
2021-06-15,1312929.0,811741.0
2021-06-16,1304153.0,718175.0
2021-06-17,1331741.0,717739.0
2021-06-18,1308717.0,669404.0
2021-06-19,1262813.0,594271.0
2021-06-20,1289548.0,472368.0
2021-06-21,1330256.0,500312.0
2021-06-22,1223730.0,610242.0
2021-06-23,1331538.0,512840.0
2021-06-24,1390621.0,519102.0
2021-06-25,1390304.0,503573.0
2021-06-26,1318044.0,534566.0
2021-06-27,1218303.0,632028.0
2021-06-28,1154531.0,597981.0
2021-06-29,1172927.0,626015.0
2021-06-30,1242218.0,676421.0
2021-07-01,1299862.0,729454.0
2021-07-02,1255503.0,705094.0
2021-07-03,1149358.0,634655.0
2021-07-04,1134342.0,558088.0
2021-07-05,1171425.0,618842.0
2021-07-06,1203477.0,690889.0
2021-07-07,1207902.0,698656.0
2021-07-08,1234101.0,692150.0
2021-07-09,1148080.0,518509.0
2021-07-10,1218685.0,523843.0
2021-07-11,1211840.0,592095.0
2021-07-12,1225115.0,642650.0
2021-07-13,1230471.0,537437.0
2021-07-14,1233423.0,439877.0
2021-07-15,1281863.0,487410.0
2021-07-16,1306537.0,571838.0
2021-07-17,1297617.0,589826.0
2021-07-18,1279737.0,690900.0
2021-07-19,1280786.0,714094.0
2021-07-20,1246054.0,689848.0
2021-07-21,1237683.0,686158.0
2021-07-22,1263058.0,582557.0
2021-07-23,1339787.0,532545.0
2021-07-24,1345964.0,611441.0
2021-07-25,1329473.0,667602.0
2021-07-26,1395748.0,783789.0
2021-07-27,1399791.0,830450.0
2021-07-28,1375867.0,793150.0
2021-07-29,1387999.0,844430.0
2021-07-30,1389236.0,809673.0
2021-07-31,1374028.0,737586.0
2021-08-01,1311337.0,679935.0
2021-08-02,1258857.0,682310.0
2021-08-03,1268903.0,758192.0
2021-08-04,1275093.0,760046.0
2021-08-05,1249404.0,682783.0
2021-08-06,1278474.0,617719.0
2021-08-07,1308534.0,456117.0
2021-08-08,1348054.0,501377.0
2021-08-09,1431550.0,541163.0
2021-08-10,1425939.0,533594.0
2021-08-11,1402224.0,573062.0
2021-08-12,1407073.0,642217.0
2021-08-13,1359610.0,733235.0
2021-08-14,1247583.0,713736.0
2021-08-15,1189447.0,688635.0
2021-08-16,1269749.0,710342.0
2021-08-17,1273691.0,719031.0
2021-08-18,1249878.0,597237.0
2021-08-19,1366658.0,613382.0
2021-08-20,1383880.0,621701.0
2021-08-21,1356424.0,632846.0
2021-08-22,1351284.0,571234.0
2021-08-23,1387406.0,613331.0
2021-08-24,1407966.0,657781.0
2021-08-25,1409327.0,731299.0
2021-08-26,1382894.0,791844.0
2021-08-27,1316783.0,728521.0
2021-08-28,1260434.0,644381.0
2021-08-29,1250175.0,715166.0
2021-08-30,1350135.0,839972.0
2021-08-31,1391760.0,796649.0
2021-09-01,1420102.0,696494.0
2021-09-02,1396797.0,695626.0
2021-09-03,1370103.0,663165.0
2021-09-04,1337115.0,683420.0
2021-09-05,1291106.0,748395.0
2021-09-06,1280433.0,745406.0
2021-09-07,1280084.0,719934.0
2021-09-08,1268561.0,705991.0
2021-09-09,1231911.0,644169.0
2021-09-10,1215314.0,492858.0
2021-09-11,1142833.0,437441.0
2021-09-12,1151238.0,489206.0
2021-09-13,1163356.0,506441.0
2021-09-14,1107094.0,503204.0
2021-09-15,1142791.0,602894.0
2021-09-16,1175868.0,561364.0
2021-09-17,1251424.0,605613.0
2021-09-18,1228767.0,695463.0
2021-09-19,1239044.0,644916.0
2021-09-20,1362975.0,593391.0
2021-09-21,1306430.0,528477.0
2021-09-22,1065836.0,512981.0
2021-09-23,1021061.0,369084.0
2021-09-24,1035419.0,415115.0
2021-09-25,1043194.0,470846.0
2021-09-26,1062442.0,391944.0
2021-09-27,1163308.0,526213.0
2021-09-28,1206627.0,526681.0
2021-09-29,1169173.0,482561.0
2021-09-30,1190830.0,528926.0
2021-10-01,1080410.0,594659.0
2021-10-02,1076183.0,617377.0
2021-10-03,1085873.0,635344.0
2021-10-04,1105314.0,642708.0
2021-10-05,1066730.0,546175.0
2021-10-06,1067996.0,528792.0
2021-10-07,1119056.0,456933.0
2021-10-08,1162011.0,444488.0
2021-10-09,1126292.0,398681.0
2021-10-10,1176301.0,395438.0
2021-10-11,1101794.0,538349.0
2021-10-12,1172812.0,388421.0
2021-10-13,1195594.0,574876.0
2021-10-14,1100095.0,613476.0
2021-10-15,1096779.0,500298.0
2021-10-16,871804.0,418319.0
2021-10-17,839291.0,356565.0
2021-10-18,919668.0,271844.0
2021-10-19,989331.0,301140.0
2021-10-20,1046183.0,527595.0
2021-10-21,1054250.0,608965.0
2021-10-22,1071377.0,501625.0
2021-10-23,1065442.0,351247.0
2021-10-24,1072149.0,475974.0
2021-10-25,1144636.0,597131.0
2021-10-26,1161796.0,369202.0
2021-10-27,1030004.0,265460.0
2021-10-28,910679.0,203024.0
2021-10-29,889237.0,285003.0
2021-10-30,864226.0,374994.0
2021-10-31,885851.0,282687.0
2021-11-01,930883.0,474106.0
2021-11-02,941797.0,479476.0
2021-11-03,949265.0,504787.0
2021-11-04,929038.0,530382.0
2021-11-05,924677.0,430205.0
2021-11-06,881946.0,339311.0
2021-11-07,904737.0,216875.0
2021-11-08,923593.0,231824.0
2021-11-09,924210.0,348750.0
2021-11-10,957573.0,260152.0
2021-11-11,927008.0,437727.0
2021-11-12,935323.0,359125.0
2021-11-13,899893.0,308878.0
2021-11-14,887425.0,359743.0
2021-11-15,952378.0,374527.0
2021-11-16,989350.0,179795.0
2021-11-17,1004620.0,206324.0
2021-11-18,942784.0,313175.0
2021-11-19,951016.0,269438.0
2021-11-20,913639.0,211571.0
2021-11-21,904595.0,254699.0
2021-11-22,926915.0,404014.0
2021-11-23,953784.0,196083.0
2021-11-24,949575.0,202061.0
2021-11-25,899650.0,201858.0
2021-11-26,928164.0,337722.0
2021-11-27,928015.0,393128.0
2021-11-28,891828.0,352094.0
2021-11-29,961054.0,342652.0
2021-11-30,949591.0,308015.0
2021-12-01,932453.0,448477.0
2021-12-02,948404.0,422238.0
2021-12-03,960262.0,328841.0
2021-12-04,934271.0,395536.0
2021-12-05,949534.0,212034.0
2021-12-06,989285.0,326709.0
2021-12-07,979770.0,442905.0
2021-12-08,975109.0,438507.0
2021-12-09,999892.0,259012.0
2021-12-10,1052748.0,238733.0
2021-12-11,942530.0,295925.0
2021-12-12,998806.0,245871.0
2021-12-13,997325.0,298887.0
2021-12-14,990982.0,223795.0
2021-12-15,1032129.0,221662.0
2021-12-16,1019674.0,427390.0
2021-12-17,1010522.0,354980.0
2021-12-18,959855.0,235162.0
2021-12-19,1000599.0,466694.0
2021-12-20,1018717.0,532804.0
2021-12-21,1027538.0,515687.0
2021-12-22,969871.0,435123.0
2021-12-23,940001.0,156735.0
2021-12-24,932280.0,109524.0
2021-12-25,888583.0,254501.0
2021-12-26,907721.0,147209.0
2021-12-27,953008.0,318236.0
2021-12-28,972659.0,294838.0
2021-12-29,978499.0,351003.0
2021-12-30,959099.0,354206.0
2021-12-31,962282.0,281885.0
2022-01-01,972604.0,211912.0
2022-01-02,1162203.0,503668.0
2022-01-03,1176385.0,560858.0
2022-01-04,1086514.0,315290.0
2022-01-05,996038.0,359213.0
2022-01-06,1092120.0,403902.0
2022-01-07,1192806.0,481669.0
2022-01-08,996152.0,236214.0
2022-01-09,958750.0,205295.0
2022-01-10,1074731.0,508397.0
2022-01-11,1109808.0,476729.0
2022-01-12,1028703.0,500931.0
2022-01-13,997015.0,510031.0
2022-01-14,978545.0,222232.0
2022-01-15,1113510.0,260388.0
2022-01-16,1106325.0,535050.0
2022-01-17,1072082.0,448665.0
2022-01-18,1003921.0,209095.0
2022-01-19,982727.0,192251.0
2022-01-20,1314227.0,539118.0
2022-01-21,1311608.0,682681.0
2022-01-22,1202529.0,677761.0
2022-01-23,1053831.0,549422.0
2022-01-24,1055461.0,505570.0
2022-01-25,1049554.0,367626.0
2022-01-26,1113985.0,548665.0
2022-01-27,1066822.0,507025.0
2022-01-28,1091432.0,457418.0
2022-01-29,1058900.0,405226.0
2022-01-30,982260.0,341261.0
2022-01-31,962384.0,337033.0
2022-02-01,935646.0,287227.0
2022-02-02,1059396.0,351987.0
2022-02-03,1427800.0,634841.0
2022-02-04,1481246.0,773909.0
2022-02-05,1279563.0,591843.0
2022-02-06,1151165.0,442557.0
2022-02-07,1090743.0,494078.0
2022-02-08,1080368.0,385523.0
2022-02-09,1026206.0,492115.0
2022-02-10,990607.0,449785.0
2022-02-11,968229.0,211363.0
2022-02-12,1026377.0,303510.0
2022-02-13,1076811.0,442932.0
2022-02-14,1033470.0,254651.0
2022-02-15,990259.0,151660.0
2022-02-16,953794.0,122877.0
2022-02-17,1028924.0,231335.0
2022-02-18,1138333.0,547452.0
2022-02-19,1025031.0,339760.0
2022-02-20,949950.0,129330.0
2022-02-21,978167.0,140712.0
2022-02-22,1012906.0,196241.0
2022-02-23,1278692.0,574629.0
2022-02-24,1379388.0,862868.0
2022-02-25,1367624.0,751673.0
2022-02-26,1263613.0,746724.0
2022-02-27,1117158.0,532346.0
2022-02-28,1090555.0,506039.0
2022-03-01,1001697.0,465515.0
2022-03-02,952970.0,410640.0
2022-03-03,932013.0,321761.0
2022-03-04,946313.0,135779.0
2022-03-05,936312.0,181633.0
2022-03-06,950493.0,160742.0
2022-03-07,1025522.0,319477.0
2022-03-08,1105435.0,644711.0
2022-03-09,1068951.0,475616.0
2022-03-10,1003087.0,330916.0
2022-03-11,1148591.0,392662.0
2022-03-12,1124880.0,413741.0
2022-03-13,985125.0,191962.0
2022-03-14,975167.0,164152.0
2022-03-15,927006.0,287206.0
2022-03-16,945345.0,158808.0
2022-03-17,945363.0,121835.0
2022-03-18,926458.0,242134.0
2022-03-19,905992.0,276383.0
2022-03-20,902397.0,89957.0
2022-03-21,970375.0,160321.0
2022-03-22,965341.0,159256.0
2022-03-23,963062.0,246041.0
2022-03-24,959491.0,344143.0
2022-03-25,961274.0,395072.0
2022-03-26,924161.0,268864.0
2022-03-27,949785.0,176527.0
2022-03-28,1012026.0,193729.0
2022-03-29,1037956.0,172060.0
2022-03-30,986895.0,247833.0
2022-03-31,933382.0,385329.0
2022-04-01,946141.0,155058.0
2022-04-02,928694.0,354032.0
2022-04-03,961630.0,177343.0
2022-04-04,996252.0,390469.0
2022-04-05,1104485.0,402085.0
2022-04-06,1015006.0,237949.0
2022-04-07,918425.0,236692.0
2022-04-08,909910.0,310723.0
2022-04-09,943782.0,120536.0
2022-04-10,975835.0,197002.0
2022-04-11,1088566.0,395736.0
2022-04-12,1112862.0,306555.0
2022-04-13,1099698.0,379801.0
2022-04-14,995414.0,313556.0
2022-04-15,1019905.0,316005.0
2022-04-16,1037287.0,400759.0
2022-04-17,1002790.0,478511.0
2022-04-18,1010697.0,315859.0
2022-04-19,969002.0,166317.0
2022-04-20,1087375.0,329296.0
2022-04-21,1144584.0,309644.0
2022-04-22,1142000.0,274041.0
2022-04-23,1076810.0,235128.0
2022-04-24,1059802.0,311792.0
2022-04-25,1014017.0,285814.0
2022-04-26,950350.0,352297.0
2022-04-27,1003724.0,264558.0
2022-04-28,1076785.0,246785.0
2022-04-29,1122759.0,287421.0
2022-04-30,1103643.0,432155.0
2022-05-01,1096790.0,320636.0
2022-05-02,1185665.0,353838.0
2022-05-03,1118950.0,508207.0
2022-05-04,1170392.0,454839.0
2022-05-05,1154720.0,478005.0
2022-05-06,1155961.0,564061.0
2022-05-07,1228435.0,497097.0
2022-05-08,1294560.0,449611.0
2022-05-09,1375848.0,526143.0
2022-05-10,1351023.0,532069.0
2022-05-11,1304678.0,552094.0
2022-05-12,1273808.0,496660.0
2022-05-13,1248297.0,603993.0
2022-05-14,1238138.0,602668.0
2022-05-15,1271608.0,542675.0
2022-05-16,1313940.0,617454.0
2022-05-17,1336533.0,474485.0
2022-05-18,1352961.0,519083.0
2022-05-19,1362291.0,514025.0
2022-05-20,1375061.0,525627.0
2022-05-21,1316056.0,456380.0
2022-05-22,1055800.0,417779.0
2022-05-23,1097650.0,464176.0
2022-05-24,1084488.0,444372.0
2022-05-25,1034068.0,410563.0
2022-05-26,1116058.0,576788.0
2022-05-27,1229676.0,545495.0
2022-05-28,1252666.0,380655.0
2022-05-29,1282983.0,334656.0
2022-05-30,1318119.0,380071.0
2022-05-31,1399475.0,485795.0
2022-06-01,1340202.0,598551.0
2022-06-02,1239866.0,690288.0
2022-06-03,1209751.0,620122.0
2022-06-04,1186106.0,534935.0
2022-06-05,1278031.0,460796.0
2022-06-06,1395047.0,576655.0
2022-06-07,1410273.0,616117.0
2022-06-08,1377440.0,577660.0
2022-06-09,1377090.0,681374.0
2022-06-10,1415083.0,686193.0
2022-06-11,1444908.0,598443.0
2022-06-12,1458331.0,497997.0
2022-06-13,1491136.0,488969.0
2022-06-14,1461517.0,461907.0
2022-06-15,1449217.0,475736.0
2022-06-16,1458502.0,572904.0
2022-06-17,1435128.0,666701.0
2022-06-18,1392109.0,654355.0
2022-06-19,1399201.0,604505.0
2022-06-20,1467850.0,648759.0
2022-06-21,1482743.0,722706.0
2022-06-22,1453539.0,802500.0
2022-06-23,1475761.0,787841.0
2022-06-24,1488133.0,694428.0
2022-06-25,1435950.0,658805.0
2022-06-26,1417024.0,664511.0
2022-06-27,1374333.0,730655.0
2022-06-28,1298157.0,736418.0
2022-06-29,1312789.0,750456.0
2022-06-30,1348317.0,676033.0
2022-07-01,1377188.0,655212.0
2022-07-02,1386560.0,665336.0
2022-07-03,1396087.0,633803.0
2022-07-04,1416949.0,575085.0
2022-07-05,1489822.0,652603.0
2022-07-06,1499729.0,698352.0
2022-07-07,1500764.0,734134.0
2022-07-08,1516057.0,828893.0
2022-07-09,1492317.0,890987.0
2022-07-10,1484060.0,898350.0
2022-07-11,1532784.0,879201.0
2022-07-12,1520516.0,819170.0
2022-07-13,1508806.0,910779.0
2022-07-14,1418616.0,771240.0
2022-07-15,1355059.0,741765.0
2022-07-16,1397438.0,695089.0
2022-07-17,1429848.0,723946.0
2022-07-18,1515122.0,807922.0
2022-07-19,1559806.0,705128.0
2022-07-20,1565350.0,791251.0
2022-07-21,1525607.0,807050.0
2022-07-22,1451118.0,697347.0
2022-07-23,1428760.0,594543.0
2022-07-24,1458163.0,640450.0
2022-07-25,1520468.0,696867.0
2022-07-26,1515805.0,712047.0
2022-07-27,1504299.0,756148.0
2022-07-28,1491340.0,766307.0
2022-07-29,1484556.0,762363.0
2022-07-30,1439689.0,761320.0
2022-07-31,1450244.0,671563.0
2022-08-01,1485578.0,687190.0
2022-08-02,1535738.0,648326.0
2022-08-03,1547455.0,659223.0
2022-08-04,1526232.0,753010.0
2022-08-05,1467595.0,768348.0
2022-08-06,1379830.0,633693.0
2022-08-07,1404705.0,673431.0
2022-08-08,1471607.0,834236.0
2022-08-09,1446656.0,863606.0
2022-08-10,1409374.0,874159.0
2022-08-11,1392753.0,888928.0
2022-08-12,1409396.0,857994.0
2022-08-13,1379712.0,831316.0
2022-08-14,1341582.0,721684.0
2022-08-15,1421731.0,707171.0
2022-08-16,1443046.0,835905.0
2022-08-17,1472384.0,846568.0
2022-08-18,1334386.0,786922.0
2022-08-19,1264880.0,718048.0
2022-08-20,1299952.0,651819.0
2022-08-21,1273992.0,681652.0
2022-08-22,1283377.0,699033.0
2022-08-23,1248613.0,781224.0
2022-08-24,1271341.0,795611.0
2022-08-25,1300390.0,830179.0
2022-08-26,1326288.0,816141.0
2022-08-27,1327072.0,674352.0
2022-08-28,1367470.0,624221.0
2022-08-29,1359813.0,691011.0
2022-08-30,1259371.0,729473.0
2022-08-31,1273619.0,795116.0
2022-09-01,1243992.0,771982.0
2022-09-02,1236844.0,716448.0
2022-09-03,1197822.0,711706.0
2022-09-04,1124114.0,629000.0
2022-09-05,1178541.0,629492.0
2022-09-06,1273206.0,754420.0
2022-09-07,1285175.0,747687.0
2022-09-08,1262240.0,761574.0
2022-09-09,1252355.0,660309.0
2022-09-10,1222651.0,614877.0
2022-09-11,1189612.0,622769.0
2022-09-12,1222118.0,710455.0
2022-09-13,1236075.0,605742.0
2022-09-14,1221747.0,531054.0
2022-09-15,1220248.0,502494.0
2022-09-16,1292897.0,525808.0
2022-09-17,1314128.0,521827.0
2022-09-18,1317666.0,575671.0
2022-09-19,1367603.0,700120.0
2022-09-20,1378087.0,708612.0
2022-09-21,1358264.0,713514.0
2022-09-22,1328179.0,736145.0
2022-09-23,1332804.0,699272.0
2022-09-24,1294771.0,629784.0
2022-09-25,1281844.0,670631.0
2022-09-26,1228545.0,653003.0
2022-09-27,1130569.0,528897.0
2022-09-28,1135753.0,534435.0
2022-09-29,1106496.0,533839.0
2022-09-30,1064834.0,472185.0
2022-10-01,1014283.0,415723.0
2022-10-02,1006554.0,468686.0
2022-10-03,1063206.0,535033.0
2022-10-04,1078964.0,536563.0
2022-10-05,1103052.0,576676.0
2022-10-06,1122058.0,656604.0
2022-10-07,1087795.0,581113.0
2022-10-08,1040974.0,545091.0
2022-10-09,1031910.0,567154.0
2022-10-10,1106632.0,553922.0
2022-10-11,1118218.0,424115.0
2022-10-12,1232655.0,585463.0
2022-10-13,1138677.0,616228.0
2022-10-14,1106567.0,494659.0
2022-10-15,1178915.0,465047.0
2022-10-16,1116129.0,506610.0
2022-10-17,1002357.0,460922.0
2022-10-18,919931.0,489254.0
2022-10-19,929182.0,437461.0
2022-10-20,969471.0,415048.0
2022-10-21,1024978.0,312497.0
2022-10-22,1050990.0,235805.0
2022-10-23,1094487.0,253142.0
2022-10-24,1116833.0,377092.0
2022-10-25,948034.0,380484.0
2022-10-26,951713.0,335793.0
2022-10-27,964379.0,216524.0
2022-10-28,967969.0,283103.0
2022-10-29,888041.0,368875.0
2022-10-30,900254.0,479655.0
2022-10-31,951262.0,475180.0
2022-11-01,955505.0,368953.0
2022-11-02,986658.0,319702.0
2022-11-03,1079223.0,301900.0
2022-11-04,1112631.0,334601.0
2022-11-05,932135.0,328304.0
2022-11-06,1025718.0,397641.0
2022-11-07,1089221.0,553634.0
2022-11-08,1091567.0,400676.0
2022-11-09,1096049.0,326398.0
2022-11-10,1050190.0,420087.0
2022-11-11,1021754.0,312344.0
2022-11-12,984756.0,418495.0
2022-11-13,1011511.0,282260.0
2022-11-14,1071144.0,390437.0
2022-11-15,1104648.0,526639.0
2022-11-16,1095500.0,596255.0
2022-11-17,1077000.0,464046.0
2022-11-18,1092154.0,456712.0
2022-11-19,1159868.0,628538.0
2022-11-20,1137933.0,599989.0
2022-11-21,1156523.0,590651.0
2022-11-22,1078291.0,497140.0
2022-11-23,1010867.0,383876.0
2022-11-24,927199.0,260274.0
2022-11-25,946712.0,257028.0
2022-11-26,952864.0,329190.0
2022-11-27,961833.0,390020.0
2022-11-28,1025338.0,261956.0
2022-11-29,1035559.0,244069.0
2022-11-30,1052629.0,427430.0
2022-12-01,1108643.0,430783.0
2022-12-02,1018792.0,301643.0
2022-12-03,980669.0,397590.0
2022-12-04,971663.0,441886.0
2022-12-05,1020065.0,271773.0
2022-12-06,1021629.0,419243.0
2022-12-07,1026636.0,481800.0
2022-12-08,1043174.0,513750.0
2022-12-09,1024812.0,560089.0
2022-12-10,988152.0,501693.0
2022-12-11,954130.0,541809.0
2022-12-12,1017015.0,275312.0
2022-12-13,1039339.0,286831.0
2022-12-14,995054.0,394580.0
2022-12-15,1053949.0,536856.0
2022-12-16,1099751.0,550928.0
2022-12-17,1080072.0,539907.0
2022-12-18,1122623.0,357335.0
2022-12-19,1128333.0,455210.0
2022-12-20,1120227.0,547312.0
2022-12-21,1185669.0,542908.0
2022-12-22,1399494.0,575190.0
2022-12-23,1642434.0,1006334.0
2022-12-24,1401195.0,885341.0
2022-12-25,1227235.0,643225.0
2022-12-26,1153505.0,548198.0
2022-12-27,1189290.0,426356.0
2022-12-28,1069446.0,205865.0
2022-12-29,932927.0,327794.0
2022-12-30,935201.0,458517.0
2022-12-31,942722.0,218456.0
2023-01-01,911017.0,234257.0
2023-01-02,984920.0,215957.0
2023-01-03,959753.0,333578.0
2023-01-04,983172.0,390871.0
2023-01-05,1010664.0,520076.0
2023-01-06,1028081.0,216411.0
2023-01-07,939694.0,395577.0
2023-01-08,933769.0,448649.0
2023-01-09,1001552.0,415917.0
2023-01-10,994242.0,255695.0
2023-01-11,1013517.0,210769.0
2023-01-12,1005946.0,298069.0
2023-01-13,1054762.0,533723.0
2023-01-14,1040269.0,244358.0
2023-01-15,973302.0,143694.0
2023-01-16,972321.0,300703.0
2023-01-17,984862.0,433854.0
2023-01-18,993318.0,233845.0
2023-01-19,980909.0,439176.0
2023-01-20,1040341.0,312479.0
2023-01-21,993547.0,350409.0
2023-01-22,1012012.0,484618.0
2023-01-23,1122904.0,330360.0
2023-01-24,1137081.0,489805.0
2023-01-25,1182692.0,514325.0
2023-01-26,1159863.0,586937.0
2023-01-27,1141136.0,389840.0
2023-01-28,1002288.0,215531.0
2023-01-29,1026344.0,391230.0
2023-01-30,1333964.0,795582.0
2023-01-31,1460027.0,943779.0
2023-02-01,1431245.0,958296.0
2023-02-02,1353546.0,848094.0
2023-02-03,1213422.0,635817.0
2023-02-04,1101361.0,346651.0
2023-02-05,987274.0,357747.0
2023-02-06,981957.0,175771.0
2023-02-07,1005231.0,243173.0
2023-02-08,1069776.0,447020.0
2023-02-09,1068492.0,387773.0
2023-02-10,1117242.0,401781.0
2023-02-11,1120735.0,621213.0
2023-02-12,1057214.0,357995.0
2023-02-13,1036972.0,370110.0
2023-02-14,991164.0,222260.0
2023-02-15,1014472.0,248537.0
2023-02-16,1083424.0,293311.0
2023-02-17,1192882.0,615274.0
2023-02-18,1145275.0,422760.0
2023-02-19,1002414.0,320355.0
2023-02-20,1020888.0,260107.0
2023-02-21,1046965.0,263392.0
2023-02-22,1057673.0,278027.0
2023-02-23,1052927.0,381500.0
2023-02-24,1076391.0,557289.0
2023-02-25,1044526.0,611984.0
2023-02-26,1016240.0,275631.0
2023-02-27,1036974.0,317926.0
2023-02-28,1051038.0,370163.0
2023-03-01,1063072.0,484290.0
2023-03-02,1058205.0,375593.0
2023-03-03,968362.0,316901.0
2023-03-04,950932.0,349465.0
2023-03-05,956813.0,213713.0
2023-03-06,1040022.0,418615.0
2023-03-07,1061779.0,482982.0
2023-03-08,1059914.0,518307.0
2023-03-09,1059965.0,538106.0
2023-03-10,1033824.0,464619.0
2023-03-11,1054844.0,272747.0
2023-03-12,956548.0,323914.0
2023-03-13,978278.0,340762.0
2023-03-14,990665.0,358341.0
2023-03-15,1001127.0,182193.0
2023-03-16,1029259.0,179924.0
2023-03-17,1037665.0,337274.0
2023-03-18,1032256.0,512658.0
2023-03-19,1041893.0,475599.0
2023-03-20,1127988.0,379528.0
2023-03-21,1041252.0,237325.0
2023-03-22,1061223.0,284175.0
2023-03-23,1100250.0,419488.0
2023-03-24,1085261.0,423937.0
2023-03-25,992353.0,357441.0
2023-03-26,972900.0,447925.0
2023-03-27,1021413.0,526238.0
2023-03-28,1006303.0,377993.0
2023-03-29,978856.0,453445.0
2023-03-30,1033602.0,278435.0
2023-03-31,1116132.0,349733.0
2023-04-01,1018820.0,454146.0
2023-04-02,1047110.0,310621.0
2023-04-03,1201055.0,421386.0
2023-04-04,1196102.0,378731.0
2023-04-05,1065238.0,388113.0
2023-04-06,999387.0,336570.0
2023-04-07,979194.0,455372.0
2023-04-08,931099.0,517769.0
2023-04-09,928680.0,445974.0
2023-04-10,982901.0,510287.0
2023-04-11,1012028.0,426014.0
2023-04-12,1021449.0,330268.0
2023-04-13,1040309.0,275184.0
2023-04-14,1059257.0,305266.0
2023-04-15,1104912.0,386296.0
2023-04-16,950083.0,380820.0
2023-04-17,1011929.0,242533.0
2023-04-18,1041239.0,233146.0
2023-04-19,1120764.0,281644.0
2023-04-20,1121146.0,436541.0
2023-04-21,1041489.0,488962.0
2023-04-22,996610.0,221773.0
2023-04-23,930305.0,375374.0
2023-04-24,965187.0,445985.0
2023-04-25,1015595.0,380466.0
2023-04-26,1079539.0,416139.0
2023-04-27,1038271.0,464788.0
2023-04-28,1049533.0,312464.0
2023-04-29,936920.0,276185.0
2023-04-30,998272.0,371619.0
2023-05-01,1058143.0,425241.0
2023-05-02,1089095.0,489405.0
2023-05-03,1116776.0,533644.0
2023-05-04,1133113.0,476972.0
2023-05-05,1296178.0,540164.0
2023-05-06,1225187.0,512820.0
2023-05-07,1143411.0,439798.0
2023-05-08,1240422.0,548902.0
2023-05-09,1159925.0,486655.0
2023-05-10,1126237.0,453501.0
2023-05-11,1241675.0,541727.0
2023-05-12,1296516.0,591262.0
2023-05-13,1113230.0,599253.0
2023-05-14,1076025.0,660635.0
2023-05-15,1175170.0,698785.0
2023-05-16,1139584.0,714476.0
2023-05-17,1172967.0,676681.0
2023-05-18,1229064.0,611385.0
2023-05-19,1282309.0,612800.0
2023-05-20,1130599.0,614055.0
2023-05-21,1042997.0,584777.0
2023-05-22,1172799.0,612431.0
2023-05-23,1230952.0,621483.0
2023-05-24,1223323.0,656767.0
2023-05-25,1217805.0,643934.0
2023-05-26,1221491.0,618919.0
2023-05-27,1171942.0,566471.0
2023-05-28,1141624.0,546366.0
2023-05-29,1180129.0,614949.0
2023-05-30,1242654.0,616480.0
2023-05-31,1287313.0,528723.0
2023-06-01,1296018.0,513269.0
2023-06-02,1313309.0,547686.0
2023-06-03,1249705.0,702502.0
2023-06-04,1158359.0,671382.0
2023-06-05,1199018.0,732675.0
2023-06-06,1220472.0,745519.0
2023-06-07,1277959.0,764109.0
2023-06-08,1278190.0,724788.0
2023-06-09,1366251.0,722408.0
2023-06-10,1384297.0,630932.0
2023-06-11,1376200.0,651906.0
2023-06-12,1406255.0,638428.0
2023-06-13,1373353.0,725447.0
2023-06-14,1425310.0,778920.0
2023-06-15,1508906.0,721476.0
2023-06-16,1485438.0,803930.0
2023-06-17,1456245.0,758191.0
2023-06-18,1452433.0,757725.0
2023-06-19,1548497.0,788782.0
2023-06-20,1579713.0,853044.0
2023-06-21,1539931.0,800665.0
2023-06-22,1444020.0,707828.0
2023-06-23,1485185.0,682721.0
2023-06-24,1496414.0,671102.0
2023-06-25,1539436.0,726124.0
2023-06-26,1590115.0,839185.0
2023-06-27,1605629.0,727075.0
2023-06-28,1591690.0,635394.0
2023-06-29,1590617.0,641834.0
2023-06-30,1554621.0,665157.0
2023-07-01,1423216.0,728533.0
2023-07-02,1364683.0,796420.0
2023-07-03,1459346.0,836919.0
2023-07-04,1420612.0,699357.0
2023-07-05,1505348.0,721060.0
2023-07-06,1424199.0,705594.0
2023-07-07,1413291.0,630286.0
2023-07-08,1446993.0,744243.0
2023-07-09,1449915.0,700136.0
2023-07-10,1545136.0,826456.0
2023-07-11,1562348.0,732387.0
2023-07-12,1619486.0,687071.0
2023-07-13,1627663.0,771215.0
2023-07-14,1611390.0,795116.0
2023-07-15,1554886.0,784594.0
2023-07-16,1467153.0,795626.0
2023-07-17,1577749.0,792592.0
2023-07-18,1637420.0,702088.0
2023-07-19,1643017.0,709847.0
2023-07-20,1614940.0,826358.0
2023-07-21,1579332.0,824756.0
2023-07-22,1510868.0,871930.0
2023-07-23,1456407.0,818557.0
2023-07-24,1540919.0,795140.0
2023-07-25,1584973.0,740327.0
2023-07-26,1583347.0,745561.0
2023-07-27,1571933.0,757989.0
2023-07-28,1554562.0,798439.0
2023-07-29,1519529.0,816938.0
2023-07-30,1535100.0,859901.0
2023-07-31,1626880.0,905651.0
2023-08-01,1658263.0,861595.0
2023-08-02,1656451.0,858053.0
2023-08-03,1663055.0,833289.0
2023-08-04,1671283.0,868610.0
2023-08-05,1649011.0,805540.0
2023-08-06,1614401.0,813505.0
2023-08-07,1675334.0,892042.0
2023-08-08,1656741.0,899572.0
2023-08-09,1681237.0,819569.0
2023-08-10,1698373.0,932010.0
2023-08-11,1707487.0,862105.0
2023-08-12,1674068.0,813427.0
2023-08-13,1651722.0,820047.0
2023-08-14,1664092.0,843432.0
2023-08-15,1559781.0,913881.0
2023-08-16,1512754.0,829745.0
2023-08-17,1592477.0,861048.0
2023-08-18,1653152.0,876295.0
2023-08-19,1627951.0,835813.0
2023-08-20,1635991.0,897781.0
2023-08-21,1672907.0,952839.0
2023-08-22,1609539.0,922512.0
2023-08-23,1614906.0,907204.0
2023-08-24,1630121.0,989065.0
2023-08-25,1642675.0,986675.0
2023-08-26,1596216.0,981064.0
2023-08-27,1553908.0,938972.0
2023-08-28,1509201.0,946236.0
2023-08-29,1479913.0,926786.0
2023-08-30,1459101.0,928767.0
2023-08-31,1474479.0,894460.0
2023-09-01,1481579.0,824567.0
2023-09-02,1427019.0,807823.0
2023-09-03,1448165.0,767359.0
2023-09-04,1533737.0,656033.0
2023-09-05,1623508.0,778096.0
2023-09-06,1613919.0,928843.0
2023-09-07,1637975.0,910523.0
2023-09-08,1639404.0,872905.0
2023-09-09,1493507.0,832377.0
2023-09-10,1394586.0,694337.0
2023-09-11,1380220.0,675361.0
2023-09-12,1353968.0,785908.0
2023-09-13,1328518.0,818818.0
2023-09-14,1298042.0,723620.0
2023-09-15,1295868.0,739037.0
2023-09-16,1240076.0,723945.0
2023-09-17,1269783.0,771231.0
2023-09-18,1335006.0,678163.0
2023-09-19,1372570.0,590284.0
2023-09-20,1411395.0,707333.0
2023-09-21,1454209.0,747143.0
2023-09-22,1491779.0,703232.0
2023-09-23,1494388.0,724857.0
2023-09-24,1490548.0,756779.0
2023-09-25,1432832.0,791312.0
2023-09-26,1390420.0,816267.0
2023-09-27,1398960.0,764469.0
2023-09-28,1430977.0,699784.0
2023-09-29,1441033.0,599291.0
2023-09-30,1383889.0,590113.0
2023-10-01,1315026.0,583478.0
2023-10-02,1342012.0,602396.0
2023-10-03,1321386.0,613003.0
2023-10-04,1407599.0,691736.0
2023-10-05,1219975.0,633301.0
2023-10-06,1181093.0,595944.0
2023-10-07,1020879.0,425785.0
2023-10-08,984703.0,391452.0
2023-10-09,1103178.0,490346.0
2023-10-10,1136447.0,474108.0
2023-10-11,1101072.0,395608.0
2023-10-12,1144542.0,370343.0
2023-10-13,1209942.0,528419.0
2023-10-14,1005127.0,415905.0
2023-10-15,955689.0,397453.0
2023-10-16,992395.0,526679.0
2023-10-17,1013597.0,404756.0
2023-10-18,1053996.0,335384.0
2023-10-19,1102452.0,570846.0
2023-10-20,1134298.0,596168.0
2023-10-21,1123770.0,463273.0
2023-10-22,1149321.0,432883.0
2023-10-23,1220724.0,466570.0
2023-10-24,1209266.0,468777.0
2023-10-25,1210938.0,564178.0
2023-10-26,1210365.0,544023.0
2023-10-27,1243016.0,591732.0
2023-10-28,1137574.0,566197.0
2023-10-29,1110996.0,346919.0
2023-10-30,1113088.0,446955.0
2023-10-31,1096001.0,548893.0
2023-11-01,1102259.0,467816.0
2023-11-02,1085125.0,364575.0
2023-11-03,1041812.0,292522.0
2023-11-04,1005905.0,342154.0
2023-11-05,1055044.0,378954.0
2023-11-06,1099484.0,320892.0
2023-11-07,1144559.0,351833.0
2023-11-08,1158699.0,436845.0
2023-11-09,1087837.0,465965.0
2023-11-10,1021347.0,525467.0
2023-11-11,966519.0,560923.0
2023-11-12,963327.0,538739.0
2023-11-13,1002056.0,548272.0
2023-11-14,1001419.0,544136.0
2023-11-15,1007757.0,520734.0
2023-11-16,1026968.0,385639.0
2023-11-17,1035019.0,427429.0
2023-11-18,993127.0,483573.0
2023-11-19,986419.0,302675.0
2023-11-20,1065087.0,305220.0
2023-11-21,1050621.0,286123.0
2023-11-22,1088328.0,586513.0
2023-11-23,1041706.0,433195.0
2023-11-24,1007329.0,430991.0
2023-11-25,1004907.0,505276.0
2023-11-26,1047465.0,436178.0
2023-11-27,1165236.0,686905.0
2023-11-28,1104179.0,596388.0
2023-11-29,1109702.0,413187.0
2023-11-30,1057598.0,343110.0
2023-12-01,1036498.0,505994.0
2023-12-02,1031464.0,361067.0
2023-12-03,1019193.0,315208.0
2023-12-04,1051396.0,508348.0
2023-12-05,1066384.0,565412.0
2023-12-06,1066613.0,446034.0
2023-12-07,1072705.0,220534.0
2023-12-08,1053864.0,284047.0
2023-12-09,1040602.0,299855.0
2023-12-10,1082682.0,409425.0
2023-12-11,1162189.0,542754.0
2023-12-12,1111226.0,450304.0
2023-12-13,1103846.0,392015.0
2023-12-14,1091266.0,425364.0
2023-12-15,1066130.0,548720.0
2023-12-16,1057227.0,420401.0
2023-12-17,1073486.0,517783.0
2023-12-18,1096380.0,512329.0
2023-12-19,1132593.0,300438.0
2023-12-20,1087511.0,273636.0
2023-12-21,1047526.0,446573.0
2023-12-22,1023713.0,497801.0
2023-12-23,1003782.0,265955.0
2023-12-24,982905.0,234493.0
2023-12-25,1030063.0,378663.0
2023-12-26,1130824.0,506250.0
2023-12-27,1132038.0,475984.0
2023-12-28,1162637.0,536942.0
2023-12-29,1182897.0,530216.0
2023-12-30,1115840.0,493048.0
2023-12-31,1061281.0,338647.0
2024-01-01,1086884.0,503925.0
2024-01-02,1214291.0,666846.0
2024-01-03,1170747.0,640641.0
2024-01-04,1171000.0,476172.0
2024-01-05,1132958.0,441950.0
2024-01-06,1129600.0,570928.0
2024-01-07,1127919.0,299034.0
2024-01-08,1141976.0,194336.0
2024-01-09,1256898.0,410940.0
2024-01-10,1216938.0,378887.0
2024-01-11,1117137.0,312120.0
2024-01-12,1192578.0,419022.0
2024-01-13,1251937.0,485448.0
2024-01-14,1540428.0,814364.0
2024-01-15,1727124.0,978521.0
2024-01-16,1707314.0,986156.0
2024-01-17,1565991.0,672675.0
2024-01-18,1230680.0,527911.0
2024-01-19,1352597.0,539462.0
2024-01-20,1472864.0,782667.0
2024-01-21,1416651.0,654257.0
2024-01-22,1287203.0,715498.0
2024-01-23,1152741.0,663012.0
2024-01-24,1113760.0,732940.0
2024-01-25,1084315.0,643032.0
2024-01-26,1095020.0,549073.0
2024-01-27,1087771.0,443801.0
2024-01-28,1103598.0,616795.0
2024-01-29,1096508.0,546933.0
2024-01-30,1057283.0,589089.0
2024-01-31,1039027.0,502976.0
2024-02-01,1023745.0,224515.0
2024-02-02,1025653.0,232841.0
2024-02-03,980813.0,195111.0
2024-02-04,1018087.0,163877.0
2024-02-05,1055049.0,392624.0
2024-02-06,1056553.0,439903.0
2024-02-07,1051294.0,212633.0
2024-02-08,1025186.0,282434.0
2024-02-09,1040655.0,396123.0
2024-02-10,1008688.0,402783.0
2024-02-11,1051425.0,292435.0
2024-02-12,1133627.0,481782.0
2024-02-13,1118925.0,435221.0
2024-02-14,1073753.0,244227.0
2024-02-15,1020056.0,451992.0
2024-02-16,1026822.0,285714.0
2024-02-17,1179312.0,435388.0
2024-02-18,1168253.0,581279.0
2024-02-19,1132833.0,449423.0
2024-02-20,1072372.0,356087.0
2024-02-21,1046725.0,214994.0
2024-02-22,1055852.0,296552.0
2024-02-23,1006595.0,471519.0
2024-02-24,993999.0,287739.0
2024-02-25,1008178.0,250508.0
2024-02-26,1100886.0,327718.0
2024-02-27,1119187.0,351123.0
2024-02-28,1081439.0,464530.0
2024-02-29,1132770.0,691455.0
2024-03-01,1083202.0,444061.0
2024-03-02,1014839.0,307970.0
2024-03-03,1027312.0,278772.0
2024-03-04,1099536.0,532051.0
2024-03-05,1101109.0,578410.0
2024-03-06,1076521.0,544238.0
2024-03-07,1069721.0,463490.0
2024-03-08,1091368.0,354913.0
2024-03-09,1005444.0,374405.0
2024-03-10,940572.0,445956.0
2024-03-11,1013538.0,307531.0
2024-03-12,1035771.0,263514.0
2024-03-13,1104176.0,314288.0
2024-03-14,1126737.0,499007.0
2024-03-15,1092560.0,397972.0
2024-03-16,1006415.0,586488.0
2024-03-17,1001473.0,529417.0
2024-03-18,1025092.0,519030.0
2024-03-19,1038973.0,457756.0
2024-03-20,1022974.0,479847.0
2024-03-21,1025206.0,577944.0
2024-03-22,1055871.0,471408.0
2024-03-23,1001085.0,345371.0
2024-03-24,1001743.0,184810.0
2024-03-25,1060710.0,319632.0
2024-03-26,1033868.0,492109.0
2024-03-27,1045475.0,431084.0
2024-03-28,1044631.0,390555.0
2024-03-29,1039774.0,174779.0
2024-03-30,1032334.0,310877.0
2024-03-31,1046067.0,295763.0
2024-04-01,1159751.0,415246.0
2024-04-02,1084096.0,320052.0
2024-04-03,1030279.0,440495.0
2024-04-04,1071579.0,456162.0
2024-04-05,1104985.0,205255.0
2024-04-06,1068084.0,222669.0
2024-04-07,1080181.0,363316.0
2024-04-08,1128942.0,498400.0
2024-04-09,1140885.0,456640.0
2024-04-10,1057619.0,334856.0
2024-04-11,1042239.0,428985.0
2024-04-12,1067603.0,257918.0
2024-04-13,1061860.0,216681.0
2024-04-14,1106362.0,343099.0
2024-04-15,1171655.0,378552.0
2024-04-16,1187902.0,508370.0
2024-04-17,1220713.0,576983.0
2024-04-18,1252606.0,456211.0
2024-04-19,1139463.0,535504.0
2024-04-20,1075804.0,432523.0
2024-04-21,980577.0,416038.0
2024-04-22,1023739.0,334935.0
2024-04-23,1067615.0,307623.0
2024-04-24,1161658.0,490623.0
2024-04-25,1184454.0,348106.0
2024-04-26,1197731.0,393849.0
2024-04-27,1200613.0,362487.0
2024-04-28,1136109.0,586199.0
2024-04-29,1234120.0,660295.0
2024-04-30,1260501.0,457761.0
2024-05-01,1236514.0,460163.0
2024-05-02,1206525.0,590664.0
2024-05-03,1206709.0,577708.0
2024-05-04,1166902.0,492628.0
2024-05-05,1130526.0,579168.0
2024-05-06,1276155.0,463542.0
2024-05-07,1355016.0,660562.0
2024-05-08,1384887.0,684836.0
2024-05-09,1347558.0,631426.0
2024-05-10,1237335.0,598429.0
2024-05-11,1132657.0,595099.0
2024-05-12,1106775.0,601589.0
2024-05-13,1199837.0,671950.0
2024-05-14,1227391.0,654676.0
2024-05-15,1301207.0,470069.0
2024-05-16,1178801.0,608191.0
2024-05-17,1112758.0,639343.0
2024-05-18,1251156.0,562827.0
2024-05-19,1333695.0,463891.0
2024-05-20,1401106.0,527343.0
2024-05-21,1437292.0,631596.0
2024-05-22,1413452.0,610987.0
2024-05-23,1412970.0,586242.0
2024-05-24,1450373.0,661193.0
2024-05-25,1436526.0,596748.0
2024-05-26,1447783.0,665632.0
2024-05-27,1484544.0,800198.0
2024-05-28,1353713.0,539428.0
2024-05-29,1336099.0,642037.0
2024-05-30,1362032.0,598225.0
2024-05-31,1275430.0,619436.0
2024-06-01,1284809.0,634272.0
2024-06-02,1352114.0,578486.0
2024-06-03,1443167.0,598444.0
2024-06-04,1496026.0,640818.0
2024-06-05,1406624.0,701584.0
2024-06-06,1448123.0,708360.0
2024-06-07,1506145.0,666003.0
2024-06-08,1491549.0,573822.0
2024-06-09,1455941.0,708895.0
2024-06-10,1422524.0,847332.0
2024-06-11,1379051.0,827883.0
2024-06-12,1409051.0,845046.0
2024-06-13,1484944.0,776070.0
2024-06-14,1512652.0,766325.0
2024-06-15,1476374.0,641576.0
2024-06-16,1488346.0,529966.0
2024-06-17,1551858.0,561056.0
2024-06-18,1498652.0,525207.0
2024-06-19,1358333.0,551383.0
2024-06-20,1435303.0,705498.0
2024-06-21,1481712.0,710043.0
2024-06-22,1469408.0,695098.0
2024-06-23,1488327.0,749566.0
2024-06-24,1585068.0,797516.0
2024-06-25,1616834.0,758210.0
2024-06-26,1623798.0,814810.0
2024-06-27,1615503.0,857863.0
2024-06-28,1639451.0,682748.0
2024-06-29,1621928.0,684500.0
2024-06-30,1587793.0,719692.0
2024-07-01,1633392.0,716519.0
2024-07-02,1644988.0,665616.0
2024-07-03,1626754.0,704440.0
2024-07-04,1598730.0,720742.0
2024-07-05,1512135.0,724972.0
2024-07-06,1424934.0,771955.0
2024-07-07,1397431.0,647845.0
2024-07-08,1201735.0,579259.0
2024-07-09,1292786.0,705664.0
2024-07-10,1369967.0,743756.0
2024-07-11,1390903.0,716499.0
2024-07-12,1375480.0,661848.0
2024-07-13,1351980.0,609743.0
2024-07-14,1411287.0,604645.0
2024-07-15,1539371.0,670099.0
2024-07-16,1576986.0,697202.0
2024-07-17,1514941.0,807103.0
2024-07-18,1428245.0,784170.0
2024-07-19,1446775.0,778204.0
2024-07-20,1429610.0,718388.0
2024-07-21,1383102.0,761278.0
2024-07-22,1383592.0,824043.0
2024-07-23,1340013.0,792206.0
2024-07-24,1374896.0,793553.0
2024-07-25,1367450.0,796870.0
2024-07-26,1332072.0,757110.0
2024-07-27,1330741.0,656570.0
2024-07-28,1389317.0,539807.0
2024-07-29,1566479.0,629553.0
2024-07-30,1595772.0,639145.0
2024-07-31,1606129.0,634382.0
2024-08-01,1581705.0,721887.0
2024-08-02,1596518.0,871316.0
2024-08-03,1566833.0,884033.0
2024-08-04,1515908.0,881119.0
2024-08-05,1563904.0,888133.0
2024-08-06,1589461.0,886878.0
2024-08-07,1643149.0,902870.0
2024-08-08,1661621.0,860844.0
2024-08-09,1602471.0,822855.0
2024-08-10,1544974.0,826329.0
2024-08-11,1582870.0,711833.0
2024-08-12,1648337.0,751562.0
2024-08-13,1662840.0,765747.0
2024-08-14,1664930.0,787839.0
2024-08-15,1673616.0,856608.0
2024-08-16,1685642.0,876701.0
2024-08-17,1647465.0,881073.0
2024-08-18,1639954.0,858215.0
2024-08-19,1681697.0,893854.0
2024-08-20,1685028.0,898376.0
2024-08-21,1681718.0,868617.0
2024-08-22,1697247.0,828461.0
2024-08-23,1686607.0,818800.0
2024-08-24,1575657.0,750031.0
2024-08-25,1544899.0,769587.0
2024-08-26,1520840.0,823712.0
2024-08-27,1492390.0,829324.0
2024-08-28,1497566.0,805741.0
2024-08-29,1468321.0,804568.0
2024-08-30,1458003.0,831940.0
2024-08-31,1434492.0,869546.0
2024-09-01,1390383.0,820082.0
2024-09-02,1371824.0,801609.0
2024-09-03,1343947.0,796348.0
2024-09-04,1325429.0,816660.0
2024-09-05,1356800.0,790589.0
2024-09-06,1359509.0,657488.0
2024-09-07,1271566.0,545438.0
2024-09-08,1200179.0,512079.0
2024-09-09,1242207.0,567414.0
2024-09-10,1295242.0,623120.0
2024-09-11,1322824.0,722910.0
2024-09-12,1344687.0,690200.0
2024-09-13,1425681.0,593558.0
2024-09-14,1461558.0,673498.0
2024-09-15,1427432.0,743089.0
2024-09-16,1449368.0,749480.0
2024-09-17,1452642.0,677586.0
2024-09-18,1502289.0,615843.0
2024-09-19,1555180.0,684699.0
2024-09-20,1546594.0,700595.0
2024-09-21,1496645.0,605753.0
2024-09-22,1453270.0,632949.0
2024-09-23,1398467.0,778455.0
2024-09-24,1421483.0,769717.0
2024-09-25,1378121.0,686271.0
2024-09-26,1288757.0,640637.0
2024-09-27,1270205.0,661936.0
2024-09-28,1260241.0,625018.0
2024-09-29,1261033.0,661956.0
2024-09-30,1350770.0,731814.0
2024-10-01,1358824.0,663571.0
2024-10-02,1350017.0,665692.0
2024-10-03,1383593.0,572001.0
2024-10-04,1360301.0,664029.0
2024-10-05,1319036.0,710955.0
2024-10-06,1339988.0,709360.0
2024-10-07,1354902.0,764175.0
2024-10-08,1296183.0,703304.0
2024-10-09,1255737.0,560415.0
2024-10-10,1285946.0,563058.0
2024-10-11,1293370.0,512145.0
2024-10-12,1295243.0,509892.0
2024-10-13,1311601.0,555775.0
2024-10-14,1307778.0,643056.0
2024-10-15,1304913.0,556223.0
2024-10-16,1115613.0,365789.0
2024-10-17,1082381.0,269891.0
2024-10-18,1119860.0,270638.0
2024-10-19,1125025.0,319493.0
2024-10-20,1140719.0,385871.0
2024-10-21,1210758.0,428843.0
2024-10-22,1259636.0,648179.0
2024-10-23,1300356.0,702918.0
2024-10-24,1309275.0,517105.0
2024-10-25,1297447.0,633984.0
2024-10-26,1238220.0,696592.0
2024-10-27,1234218.0,579867.0
2024-10-28,1305413.0,449881.0
2024-10-29,1342873.0,439488.0
2024-10-30,1356363.0,542278.0
2024-10-31,1258067.0,699050.0
2024-11-01,1173426.0,645850.0
2024-11-02,1182154.0,479461.0
2024-11-03,1273700.0,463808.0
2024-11-04,1285036.0,501028.0
2024-11-05,1127062.0,528925.0
2024-11-06,1120796.0,445321.0
2024-11-07,1205651.0,591152.0
2024-11-08,1207343.0,562500.0
2024-11-09,1088972.0,543642.0
2024-11-10,1103468.0,638575.0
2024-11-11,1151120.0,665757.0
2024-11-12,1131936.0,410392.0
2024-11-13,1142121.0,463063.0
2024-11-14,1075133.0,433125.0
2024-11-15,1069192.0,240419.0
2024-11-16,1069397.0,262401.0
2024-11-17,1128035.0,450598.0
2024-11-18,1173300.0,342071.0
2024-11-19,1084785.0,379419.0
2024-11-20,1052599.0,417109.0
2024-11-21,1083064.0,533673.0
2024-11-22,1086528.0,466479.0
2024-11-23,1068875.0,194076.0
2024-11-24,1080623.0,188462.0
2024-11-25,1133844.0,343468.0
2024-11-26,1101662.0,388653.0
2024-11-27,1116535.0,235118.0
2024-11-28,1060988.0,416778.0
2024-11-29,1094357.0,432464.0
2024-11-30,1099628.0,467446.0
2024-12-01,1085270.0,532564.0
2024-12-02,1130356.0,549728.0
2024-12-03,1130536.0,525086.0
2024-12-04,1124095.0,616051.0
2024-12-05,1124592.0,525514.0
2024-12-06,1218083.0,668669.0
2024-12-07,1196344.0,713935.0
2024-12-08,1135216.0,435863.0
2024-12-09,1127958.0,380557.0
2024-12-10,1179745.0,406904.0
2024-12-11,1242548.0,520544.0
2024-12-12,1221200.0,313076.0
2024-12-13,1139572.0,255491.0
2024-12-14,1084760.0,480823.0
2024-12-15,1114007.0,259541.0
2024-12-16,1148246.0,448202.0
2024-12-17,1137075.0,508035.0
2024-12-18,1115385.0,400757.0
2024-12-19,1147463.0,492675.0
2024-12-20,1141977.0,473402.0
2024-12-21,1156384.0,397176.0
2024-12-22,1117237.0,240336.0
2024-12-23,1098249.0,241783.0
2024-12-24,1068285.0,398121.0
2024-12-25,1018510.0,487162.0
2024-12-26,1077459.0,498680.0
2024-12-27,1094917.0,343237.0
2024-12-28,1079264.0,313792.0
2024-12-29,1038943.0,386885.0
2024-12-30,1096027.0,243540.0
2024-12-31,1073460.0,324133.0
2025-01-01,1088114.0,424508.0
2025-01-02,1145327.0,477437.0
2025-01-03,1107486.0,461752.0
2025-01-04,1066120.0,243871.0
2025-01-05,1139645.0,298533.0
2025-01-06,1456435.0,700898.0
2025-01-07,1463246.0,728629.0
2025-01-08,1486556.0,824131.0
2025-01-09,1506329.0,917838.0
2025-01-10,1524107.0,649373.0
2025-01-11,1386974.0,400413.0
2025-01-12,1245995.0,377075.0
2025-01-13,1283285.0,539515.0
2025-01-14,1315447.0,632624.0
2025-01-15,1241415.0,643887.0
2025-01-16,1228235.0,532275.0
2025-01-17,1210054.0,259277.0
2025-01-18,1178803.0,315328.0
2025-01-19,1485512.0,626047.0
2025-01-20,1674738.0,827711.0
2025-01-21,1653564.0,809499.0
2025-01-22,1551642.0,687066.0
2025-01-23,1402243.0,686605.0
2025-01-24,1376713.0,444797.0
2025-01-25,1264554.0,370345.0
2025-01-26,1162473.0,537227.0
2025-01-27,1250723.0,705945.0
2025-01-28,1196473.0,764484.0
2025-01-29,1140969.0,635429.0
2025-01-30,1108012.0,339097.0
2025-01-31,1118236.0,373105.0
2025-02-01,1102893.0,328626.0
2025-02-02,1067212.0,194371.0
2025-02-03,1112294.0,283850.0
2025-02-04,1121098.0,389191.0
2025-02-05,1136362.0,350713.0
2025-02-06,1145635.0,389425.0
2025-02-07,1150855.0,437751.0
2025-02-08,1151520.0,248565.0
2025-02-09,1123892.0,487059.0
2025-02-10,1190176.0,696240.0
2025-02-11,1222368.0,623098.0
2025-02-12,1250497.0,643488.0
2025-02-13,1390598.0,696152.0
2025-02-14,1306210.0,491423.0
2025-02-15,1140883.0,291630.0
2025-02-16,1235356.0,394674.0
2025-02-17,1283319.0,340161.0
2025-02-18,1282129.0,417357.0
2025-02-19,1724332.0,858908.0
2025-02-20,1701297.0,955124.0
2025-02-21,1623286.0,991942.0
2025-02-22,1441501.0,813303.0
2025-02-23,1210662.0,616663.0
2025-02-24,1156656.0,486677.0
2025-02-25,1104022.0,383165.0
2025-02-26,1101753.0,209455.0
2025-02-27,1076711.0,373738.0
2025-02-28,1091365.0,431725.0
2025-03-01,1057810.0,410746.0
2025-03-02,1049156.0,205779.0
2025-03-03,1128554.0,280451.0
2025-03-04,1097023.0,227064.0
2025-03-05,1086639.0,372649.0
2025-03-06,1125531.0,201107.0
2025-03-07,1115312.0,347942.0
2025-03-08,1128586.0,319079.0
2025-03-09,1053199.0,383165.0
2025-03-10,1123261.0,402790.0
2025-03-11,1106881.0,174970.0
2025-03-12,1136423.0,200484.0
2025-03-13,1157639.0,349331.0
2025-03-14,1185718.0,227942.0
2025-03-15,1062398.0,274613.0
2025-03-16,1028443.0,359328.0
2025-03-17,1114257.0,196065.0
2025-03-18,1142418.0,171270.0
2025-03-19,1110150.0,216260.0
2025-03-20,1070888.0,330697.0
2025-03-21,1094142.0,226470.0
2025-03-22,1093391.0,213178.0
2025-03-23,1137907.0,279462.0
2025-03-24,1155321.0,462632.0
2025-03-25,1208844.0,398739.0
2025-03-26,1180257.0,334380.0
2025-03-27,1112999.0,344224.0
2025-03-28,1109916.0,428440.0
2025-03-29,1174372.0,289808.0
2025-03-30,1171983.0,417953.0
2025-03-31,1186265.0,489873.0
2025-04-01,1200861.0,290329.0
2025-04-02,1251334.0,489864.0
2025-04-03,1259848.0,436004.0
2025-04-04,1242412.0,457503.0
2025-04-05,1148112.0,245855.0
2025-04-06,1103886.0,316948.0
2025-04-07,1101391.0,486214.0
2025-04-08,1105358.0,307146.0
2025-04-09,1130862.0,221794.0
2025-04-10,1178911.0,382294.0
2025-04-11,1191509.0,376118.0
2025-04-12,1165984.0,180598.0
2025-04-13,1222449.0,205494.0
2025-04-14,1273293.0,296247.0
2025-04-15,1178772.0,356866.0
2025-04-16,1217103.0,267788.0
2025-04-17,1267151.0,262276.0
2025-04-18,1283169.0,377466.0
2025-04-19,1204962.0,399668.0
2025-04-20,1160819.0,471462.0
2025-04-21,1202149.0,460712.0
2025-04-22,1277476.0,401062.0
2025-04-23,1247649.0,464765.0
2025-04-24,1241281.0,497141.0
2025-04-25,1255178.0,520107.0
2025-04-26,1240452.0,476995.0
2025-04-27,1269348.0,389504.0
2025-04-28,1319740.0,423344.0
2025-04-29,1308111.0,494197.0
2025-04-30,1267836.0,573406.0
2025-05-01,1268101.0,602691.0
2025-05-02,1198581.0,465758.0
2025-05-03,1109162.0,443052.0
2025-05-04,1115821.0,282270.0
2025-05-05,1157162.0,310548.0
2025-05-06,1182244.0,493264.0
2025-05-07,1220320.0,596591.0
2025-05-08,1217611.0,624791.0
2025-05-09,1189407.0,495409.0
2025-05-10,1149226.0,435911.0
2025-05-11,1110899.0,499543.0
2025-05-12,1242219.0,509972.0
2025-05-13,1397002.0,444122.0
2025-05-14,1485514.0,577181.0
2025-05-15,1466194.0,671443.0
2025-05-16,1470940.0,715990.0
2025-05-17,1453111.0,604193.0
2025-05-18,1418092.0,447247.0
2025-05-19,1469433.0,536918.0
2025-05-20,1435297.0,666670.0
2025-05-21,1386571.0,551583.0
2025-05-22,1479751.0,603575.0
2025-05-23,1512757.0,583687.0
2025-05-24,1521722.0,499700.0
2025-05-25,1513376.0,553429.0
2025-05-26,1346919.0,625965.0
2025-05-27,1345553.0,691430.0
2025-05-28,1310541.0,663681.0
2025-05-29,1389639.0,675670.0
2025-05-30,1318965.0,763331.0
2025-05-31,1338209.0,730331.0
2025-06-01,1396890.0,644819.0
2025-06-02,1509377.0,574476.0
2025-06-03,1503239.0,537572.0
2025-06-04,1432458.0,676554.0
2025-06-05,1490863.0,645929.0
2025-06-06,1557183.0,653225.0
2025-06-07,1538017.0,659418.0
2025-06-08,1543304.0,637338.0
2025-06-09,1512789.0,678275.0
2025-06-10,1445428.0,753948.0
2025-06-11,1348503.0,743035.0
2025-06-12,1325280.0,684732.0
2025-06-13,1469183.0,563816.0
2025-06-14,1495220.0,601769.0
2025-06-15,1407731.0,563399.0
2025-06-16,1479768.0,666397.0
2025-06-17,1558569.0,464182.0
2025-06-18,1579742.0,601205.0
2025-06-19,1594637.0,668040.0
2025-06-20,1610412.0,528840.0
2025-06-21,1554447.0,460590.0
2025-06-22,1538514.0,439786.0
2025-06-23,1584008.0,525075.0
2025-06-24,1560277.0,582385.0
2025-06-25,1501571.0,600724.0
2025-06-26,1513586.0,659459.0
2025-06-27,1534578.0,670223.0
2025-06-28,1548370.0,597850.0
2025-06-29,1513224.0,604467.0
2025-06-30,1521312.0,738347.0
2025-07-01,1485461.0,840481.0
2025-07-02,1511809.0,820638.0
2025-07-03,1439379.0,726482.0
2025-07-04,1390358.0,656374.0
2025-07-05,1380227.0,672384.0
2025-07-06,1408556.0,712224.0
2025-07-07,1501212.0,776569.0
2025-07-08,1492316.0,790065.0
2025-07-09,1467151.0,751108.0
2025-07-10,1523246.0,564590.0
2025-07-11,1543960.0,550949.0
2025-07-12,1495838.0,749068.0
2025-07-13,1426927.0,784459.0
2025-07-14,1503471.0,755807.0
2025-07-15,1571488.0,642011.0
2025-07-16,1594489.0,596911.0
2025-07-17,1574193.0,659398.0
2025-07-18,1569370.0,622426.0
2025-07-19,1573881.0,498019.0
2025-07-20,1575431.0,487208.0
2025-07-21,1626845.0,537158.0
2025-07-22,1634264.0,557306.0
2025-07-23,1641933.0,622857.0
2025-07-24,1661065.0,717882.0
2025-07-25,1583211.0,868617.0
2025-07-26,1545751.0,734886.0
2025-07-27,1552592.0,619195.0
2025-07-28,1638301.0,717284.0
2025-07-29,1642226.0,799805.0
2025-07-30,1615225.0,845104.0
2025-07-31,1642843.0,895765.0
2025-08-01,1625479.0,939017.0
2025-08-02,1533997.0,853693.0
2025-08-03,1532991.0,726430.0
2025-08-04,1529607.0,749243.0
2025-08-05,1585090.0,695924.0
2025-08-06,1626044.0,662445.0
2025-08-07,1656122.0,714809.0
2025-08-08,1676405.0,663515.0
2025-08-09,1646714.0,630296.0
2025-08-10,1614155.0,686650.0
2025-08-11,1643889.0,853262.0
2025-08-12,1613521.0,880598.0
2025-08-13,1605459.0,891814.0
2025-08-14,1670992.0,779720.0
2025-08-15,1660913.0,701656.0
2025-08-16,1607533.0,734586.0
2025-08-17,1630849.0,752649.0
2025-08-18,1681422.0,840880.0
2025-08-19,1640195.0,971212.0
2025-08-20,1579630.0,911054.0
2025-08-21,1578604.0,946492.0
2025-08-22,1538396.0,893902.0
2025-08-23,1515896.0,831303.0
2025-08-24,1553480.0,859072.0
2025-08-25,1608922.0,820265.0
2025-08-26,1555145.0,820102.0
2025-08-27,1568945.0,810747.0
2025-08-28,1641313.0,759420.0
2025-08-29,1560101.0,859052.0
2025-08-30,1468709.0,814540.0
2025-08-31,1395826.0,812256.0
2025-09-01,1441610.0,843028.0
2025-09-02,1516553.0,844413.0
2025-09-03,1531779.0,851494.0
2025-09-04,1551858.0,732832.0
2025-09-05,1582751.0,738583.0
2025-09-06,1394516.0,775653.0
2025-09-07,1305607.0,697225.0
2025-09-08,1362936.0,580273.0
2025-09-09,1375211.0,501755.0
2025-09-10,1432961.0,517161.0
2025-09-11,1507659.0,603843.0
2025-09-12,1533679.0,598985.0
2025-09-13,1477935.0,560454.0
2025-09-14,1461134.0,627834.0
2025-09-15,1516070.0,732449.0
2025-09-16,1500810.0,731406.0
2025-09-17,1510709.0,750988.0
2025-09-18,1507875.0,788836.0
2025-09-19,1512227.0,767040.0
2025-09-20,1482133.0,662875.0
2025-09-21,1495697.0,636807.0
2025-09-22,1571698.0,705760.0
2025-09-23,1611082.0,709052.0
2025-09-24,1504196.0,748064.0
2025-09-25,1420633.0,776308.0
2025-09-26,1390327.0,679546.0
2025-09-27,1345295.0,595294.0
2025-09-28,1321630.0,611426.0
2025-09-29,1356031.0,714366.0
2025-09-30,1411446.0,746872.0
2025-10-01,1424713.0,656549.0
2025-10-02,1442055.0,647840.0
2025-10-03,1441120.0,624993.0
2025-10-04,1366949.0,442061.0
2025-10-05,1387378.0,448014.0
2025-10-06,1454627.0,656086.0
2025-10-07,1473378.0,756675.0
2025-10-08,1455146.0,798044.0
2025-10-09,1443056.0,717287.0
2025-10-10,1367205.0,647673.0
2025-10-11,1301919.0,482959.0
2025-10-12,1300734.0,437687.0
2025-10-13,1365948.0,633384.0
2025-10-14,1352909.0,603488.0
2025-10-15,1336278.0,603753.0
2025-10-16,1314021.0,498012.0
2025-10-17,1382986.0,571117.0
2025-10-18,1368348.0,573615.0
2025-10-19,1237941.0,446425.0
2025-10-20,1323169.0,424327.0
