Date,HENRY_HUB_NG_SPOT_PRICE,TOTAL_MWH,NG_MWh,HOU_HUB_ECTY_PRICE
2019-01-02,3.25,1132344.0,709027.0,34.47083333333333
2019-01-03,2.72,1104607.0,635041.0,30.330000000000002
2019-01-04,2.8,1016441.0,587463.0,27.52333333333333
2019-01-07,2.74,839297.0,316178.0,21.675833333333333
2019-01-08,2.89,859372.0,359638.0,22.8575
2019-01-09,2.92,893524.0,465746.0,23.717916666666667
2019-01-10,2.95,937552.0,398202.0,21.905416666666667
2019-01-11,2.95,922859.0,318669.0,21.889583333333334
2019-01-14,3.36,1050040.0,635955.0,28.917083333333334
2019-01-15,3.54,1016758.0,525424.0,27.31958333333333
2019-01-16,3.58,936023.0,354785.0,26.996666666666666
2019-01-17,3.58,869600.0,381924.0,27.349166666666665
2019-01-18,3.43,886014.0,191110.0,23.083333333333332
2019-01-22,3.43,905193.0,222969.0,20.944166666666668
2019-01-23,3.13,1082309.0,494285.0,28.275000000000002
2019-01-24,3.13,1057358.0,445426.0,26.635833333333334
2019-01-25,3.07,1005738.0,523372.0,30.11583333333333
2019-01-28,3.05,933528.0,243063.0,21.762083333333333
2019-01-29,2.94,1044674.0,539416.0,31.68375
2019-01-30,3.0,1062501.0,500019.0,25.767916666666665
2019-01-31,2.82,983179.0,356706.0,21.935000000000002
2019-02-01,2.7,873857.0,350623.0,24.337500000000002
2019-02-04,2.57,851401.0,293335.0,19.840833333333332
2019-02-05,2.54,877536.0,278153.0,18.114166666666666
2019-02-06,2.58,894455.0,254864.0,18.607083333333332
2019-02-07,2.62,931771.0,337986.0,18.825416666666666
2019-02-08,2.66,1190909.0,641539.0,27.699583333333333
2019-02-11,2.76,938672.0,297402.0,20.522916666666667
2019-02-12,2.71,908190.0,374495.0,22.639166666666668
2019-02-13,2.61,971392.0,260397.0,20.559166666666666
2019-02-14,2.61,879818.0,250361.0,19.989166666666666
2019-02-15,2.59,867727.0,290476.0,22.92
2019-02-19,2.69,1074856.0,601776.0,27.429166666666664
2019-02-20,2.69,986054.0,445885.0,22.834999999999997
2019-02-21,2.73,974219.0,357631.0,20.165
2019-02-22,2.74,939536.0,426652.0,22.855
2019-02-25,2.84,922584.0,248449.0,18.875833333333333
2019-02-26,2.74,881437.0,310343.0,20.499583333333334
2019-02-27,2.89,893591.0,356895.0,21.702083333333334
2019-02-28,2.89,1044890.0,550193.0,26.13625
2019-03-01,3.19,1002235.0,491572.0,25.197916666666668
2019-03-04,4.25,1295957.0,710066.0,52.02458333333333
2019-03-05,3.18,1216037.0,720421.0,92.28208333333333
2019-03-06,3.18,1097481.0,452709.0,29.615
2019-03-07,2.9,916621.0,287599.0,21.100416666666668
2019-03-08,2.9,874795.0,306029.0,22.177916666666665
2019-03-11,2.86,881468.0,444765.0,28.717916666666667
2019-03-12,2.83,877088.0,293084.0,23.520833333333332
2019-03-13,2.87,866734.0,229298.0,20.914583333333333
2019-03-14,2.95,848737.0,268258.0,25.319166666666664
2019-03-15,2.95,858852.0,350809.0,26.459166666666665
2019-03-18,2.9,856429.0,442357.0,33.026666666666664
2019-03-19,2.92,843003.0,344690.0,25.385833333333334
2019-03-20,2.86,836843.0,412272.0,28.95958333333333
2019-03-21,2.86,842540.0,442218.0,29.475416666666664
2019-03-22,2.75,837535.0,259462.0,21.127916666666668
2019-03-25,2.72,882142.0,454388.0,31.514166666666668
2019-03-26,2.74,848351.0,374239.0,22.283749999999998
2019-03-27,2.69,845539.0,207628.0,18.7525
2019-03-28,2.69,850278.0,221476.0,18.5675
2019-03-29,2.73,857654.0,298625.0,21.398750000000003
2019-04-01,2.73,908869.0,504923.0,32.85875
2019-04-02,2.76,890418.0,283717.0,20.951666666666664
2019-04-03,2.74,848825.0,221259.0,18.844166666666666
2019-04-04,2.66,902813.0,433052.0,30.78958333333333
2019-04-05,2.62,899982.0,368230.0,23.55666666666667
2019-04-08,2.72,895324.0,485915.0,36.2425
2019-04-09,2.71,951014.0,413145.0,34.41416666666667
2019-04-10,2.72,980882.0,323823.0,28.159166666666668
2019-04-11,2.72,894942.0,363158.0,24.855833333333333
2019-04-12,2.75,860247.0,356978.0,24.104583333333334
2019-04-15,2.75,871944.0,249062.0,17.307916666666667
2019-04-16,2.66,902508.0,266693.0,17.792916666666667
2019-04-17,2.55,944781.0,323578.0,20.075
2019-04-18,2.54,869538.0,292006.0,20.281666666666666
2019-04-22,2.61,911205.0,360379.0,24.205
2019-04-23,2.53,901399.0,406363.0,25.92125
2019-04-24,2.53,881644.0,462341.0,27.988333333333333
2019-04-25,2.54,924149.0,491258.0,29.096666666666668
2019-04-26,2.58,934968.0,421491.0,23.971666666666668
2019-04-29,2.58,999881.0,425031.0,23.280416666666667
2019-04-30,2.59,1024183.0,458457.0,24.699583333333333
2019-05-01,2.59,1029129.0,488948.0,26.969583333333333
2019-05-02,2.63,968629.0,473336.0,30.7775
2019-05-03,2.59,925217.0,510203.0,29.053749999999997
2019-05-06,2.54,991402.0,435964.0,24.38291666666667
2019-05-07,2.54,1012765.0,440508.0,21.85625
2019-05-08,2.64,968343.0,446918.0,25.817916666666665
2019-05-09,2.62,993837.0,438913.0,25.859166666666667
2019-05-10,2.64,859317.0,393621.0,20.487083333333334
2019-05-13,2.71,934566.0,492553.0,24.203333333333333
2019-05-14,2.7,982526.0,540607.0,28.851666666666663
2019-05-15,2.69,1023065.0,529080.0,27.420416666666668
2019-05-16,2.62,1049429.0,448316.0,21.88208333333333
2019-05-17,2.61,1074379.0,377889.0,19.682083333333335
2019-05-20,2.7,1161161.0,449755.0,22.137916666666666
2019-05-21,2.73,1107879.0,447702.0,22.42833333333333
2019-05-22,2.73,1171987.0,499211.0,24.53
2019-05-23,2.56,1225518.0,473618.0,24.317916666666665
2019-05-24,2.6,1199666.0,532666.0,25.536666666666665
2019-05-28,2.65,1172844.0,507910.0,25.235416666666666
2019-05-29,2.69,1158549.0,543728.0,25.728333333333335
2019-05-30,2.69,1126711.0,598248.0,27.034166666666664
2019-05-31,2.59,1113157.0,613449.0,27.705833333333334
2019-06-03,2.5,1211233.0,649707.0,29.539583333333336
2019-06-04,2.45,1151996.0,613394.0,29.29375
2019-06-05,2.45,1111417.0,643398.0,26.21666666666667
2019-06-06,2.4,1147664.0,688995.0,32.346666666666664
2019-06-07,2.43,1153492.0,717200.0,34.0025
2019-06-10,2.42,1120338.0,599988.0,24.341250000000002
2019-06-11,2.41,1039546.0,548374.0,23.04041666666667
2019-06-12,2.43,1088057.0,578488.0,26.455833333333334
2019-06-13,2.43,1135819.0,581709.0,22.331666666666667
2019-06-14,2.37,1173596.0,435709.0,22.572083333333335
2019-06-17,2.46,1104312.0,613729.0,28.123333333333335
2019-06-18,2.44,1215113.0,652590.0,25.852500000000003
2019-06-19,2.43,1290826.0,726720.0,34.92333333333333
2019-06-20,2.38,1306591.0,656413.0,33.70041666666666
2019-06-21,2.27,1349454.0,564344.0,25.497083333333332
2019-06-24,2.31,1131377.0,581694.0,23.175833333333333
2019-06-25,2.31,1130557.0,571672.0,22.191666666666666
2019-06-26,2.34,1162663.0,551801.0,20.53375
2019-06-27,2.32,1189965.0,588739.0,21.677083333333332
2019-06-28,2.42,1216066.0,644166.0,26.840416666666666
2019-07-01,2.33,1205641.0,609464.0,21.13
2019-07-02,2.3,1226927.0,610436.0,21.562916666666666
2019-07-03,2.29,1189069.0,560568.0,21.695833333333336
2019-07-08,2.39,1280612.0,709853.0,30.303749999999997
2019-07-09,2.41,1318159.0,723125.0,55.31708333333333
2019-07-10,2.49,1335847.0,788612.0,48.201249999999995
2019-07-11,2.54,1291835.0,812877.0,37.2925
2019-07-12,2.54,1287780.0,820800.0,36.00958333333333
2019-07-15,2.53,1287812.0,767083.0,41.120416666666664
2019-07-16,2.53,1362009.0,702484.0,27.659583333333334
2019-07-17,2.44,1361862.0,632788.0,25.30666666666667
2019-07-18,2.38,1360710.0,601184.0,24.254166666666666
2019-07-19,2.3,1357011.0,594536.0,23.492500000000003
2019-07-22,2.33,1290218.0,688179.0,33.04916666666667
2019-07-23,2.34,1199869.0,676124.0,23.72083333333333
2019-07-24,2.33,1147972.0,670473.0,24.782916666666665
2019-07-25,2.26,1126967.0,587958.0,22.24625
2019-07-26,2.23,1161932.0,600939.0,23.300416666666667
2019-07-29,2.23,1307605.0,706493.0,30.80333333333333
2019-07-30,2.22,1332406.0,792695.0,34.91708333333333
2019-07-31,2.28,1321053.0,779328.0,48.62083333333334
2019-08-01,2.36,1320028.0,748612.0,44.815416666666664
2019-08-02,2.12,1329327.0,767108.0,61.62625
2019-08-05,2.02,1335453.0,834861.0,44.74208333333333
2019-08-06,2.15,1376206.0,828123.0,82.09458333333333
2019-08-07,2.18,1404782.0,791198.0,144.04416666666665
2019-08-08,2.13,1400497.0,767026.0,42.329166666666666
2019-08-09,2.09,1410045.0,803166.0,59.64083333333334
2019-08-12,2.21,1437398.0,823645.0,146.11875
2019-08-13,2.24,1439516.0,858545.0,405.68291666666664
2019-08-14,2.22,1377894.0,847702.0,218.50208333333333
2019-08-15,2.19,1355693.0,850240.0,230.05041666666668
2019-08-16,2.2,1392277.0,790131.0,509.25916666666666
2019-08-19,2.26,1425553.0,800772.0,185.5895833333333
2019-08-20,2.35,1394995.0,821284.0,270.95166666666665
2019-08-21,2.31,1375448.0,813068.0,387.28666666666663
2019-08-22,2.28,1364540.0,824019.0,69.66666666666667
2019-08-23,2.15,1306325.0,768614.0,39.362500000000004
2019-08-26,2.23,1429016.0,756961.0,395.4125000000001
2019-08-27,2.24,1296634.0,683361.0,44.93291666666667
2019-08-28,2.24,1284696.0,776796.0,32.66291666666667
2019-08-29,2.36,1328097.0,736117.0,42.01916666666667
2019-08-30,2.33,1269889.0,691833.0,37.031666666666666
2019-09-03,2.39,1282160.0,774034.0,82.23625
2019-09-04,2.48,1302125.0,773376.0,92.78750000000001
2019-09-05,2.49,1279762.0,785797.0,654.8604166666667
2019-09-06,2.49,1297647.0,818573.0,570.5845833333333
2019-09-09,2.65,1284394.0,620150.0,25.080416666666665
2019-09-10,2.67,1267051.0,592684.0,23.49
2019-09-11,2.63,1225976.0,559662.0,24.637916666666666
2019-09-12,2.62,1244651.0,637262.0,31.19666666666667
2019-09-13,2.61,1239300.0,722266.0,36.987500000000004
2019-09-16,2.75,1243916.0,692819.0,33.615
2019-09-17,2.7,1197372.0,653862.0,28.17958333333333
2019-09-18,2.72,1219780.0,676148.0,27.576666666666668
2019-09-19,2.65,1162958.0,605417.0,26.735416666666666
2019-09-20,2.34,1213480.0,575380.0,24.567916666666665
2019-09-23,2.55,1260003.0,733515.0,48.13333333333333
2019-09-24,2.55,1255009.0,686239.0,70.88333333333334
2019-09-25,2.54,1260095.0,670911.0,101.55624999999999
2019-09-26,2.57,1244574.0,670313.0,161.70125
2019-09-27,2.41,1226736.0,576854.0,30.99625
2019-09-30,2.37,1269202.0,547175.0,26.173333333333332
2019-10-01,2.36,1264944.0,569044.0,29.45
2019-10-02,2.36,1240553.0,656483.0,112.24916666666667
2019-10-03,2.31,1222486.0,675541.0,86.13208333333334
2019-10-04,2.25,1178679.0,702090.0,36.07958333333333
2019-10-07,2.36,1041894.0,542990.0,23.06625
2019-10-08,2.29,978145.0,454620.0,21.164583333333333
2019-10-09,2.26,1082353.0,411407.0,24.750833333333333
2019-10-10,2.26,1191678.0,507012.0,47.75541666666667
2019-10-11,2.13,900269.0,357717.0,18.87666666666667
2019-10-14,2.13,985144.0,488542.0,22.694999999999997
2019-10-15,2.29,1102106.0,545691.0,28.155
2019-10-16,2.44,902380.0,449064.0,19.539583333333333
2019-10-17,2.29,837304.0,383464.0,18.292083333333334
2019-10-18,2.08,884629.0,334991.0,17.398333333333333
2019-10-21,2.13,947633.0,461081.0,24.68625
2019-10-22,2.21,860338.0,410061.0,20.383333333333333
2019-10-23,2.34,899225.0,304913.0,17.810416666666665
2019-10-24,2.33,932946.0,310245.0,20.917083333333334
2019-10-25,2.26,870396.0,268806.0,20.781666666666666
2019-10-28,2.49,876962.0,386408.0,22.212083333333336
2019-10-29,2.61,922782.0,447900.0,25.36375
2019-10-30,2.71,972503.0,396112.0,20.305833333333336
2019-10-31,2.73,1002722.0,515151.0,35.97541666666667
2019-11-01,2.54,972276.0,419089.0,22.366249999999997
2019-11-04,2.77,874078.0,358746.0,23.143333333333334
2019-11-05,2.77,889040.0,424957.0,28.260833333333334
2019-11-06,2.82,907443.0,376044.0,23.29041666666667
2019-11-07,2.84,918627.0,328039.0,22.00125
2019-11-08,2.87,940684.0,483017.0,32.836666666666666
2019-11-12,2.72,1198948.0,653154.0,53.379583333333336
2019-11-13,2.66,1175017.0,583777.0,32.06166666666667
2019-11-14,2.68,1044013.0,532289.0,28.102083333333336
2019-11-15,2.7,975888.0,506726.0,28.485416666666666
2019-11-18,2.64,874680.0,454597.0,27.080833333333334
2019-11-19,2.53,867928.0,339920.0,21.568749999999998
2019-11-20,2.56,878378.0,228480.0,19.086666666666666
2019-11-21,2.53,901325.0,339235.0,21.516666666666666
2019-11-22,2.62,905870.0,469957.0,23.955416666666665
2019-11-25,2.51,890885.0,320234.0,17.962083333333332
2019-11-26,2.51,915837.0,237956.0,17.162499999999998
2019-11-27,2.46,909044.0,408702.0,21.826666666666668
2019-11-29,2.46,876561.0,316382.0,18.604166666666668
2019-12-02,2.29,951923.0,476344.0,23.294583333333335
2019-12-03,2.42,949828.0,441926.0,20.094166666666666
2019-12-04,2.43,919333.0,449557.0,20.905833333333334
2019-12-05,2.42,899539.0,316630.0,18.497083333333332
2019-12-06,2.31,882996.0,417007.0,21.42958333333333
2019-12-09,2.17,925126.0,365359.0,17.657500000000002
2019-12-10,2.18,1024704.0,539195.0,23.802083333333332
2019-12-11,2.28,1054250.0,516223.0,21.018333333333334
2019-12-12,2.28,1011730.0,497979.0,20.116666666666667
2019-12-13,2.28,941534.0,458540.0,18.981666666666666
2019-12-16,2.34,1015635.0,381990.0,17.149166666666666
2019-12-17,2.3,1103691.0,574718.0,23.034583333333334
2019-12-18,2.26,1101609.0,57927.0,22.362083333333334
2019-12-19,2.21,1084561.0,439660.0,18.090416666666666
2019-12-20,2.27,1026318.0,473217.0,18.79
2019-12-23,2.17,975335.0,434706.0,17.432916666666667
2019-12-24,2.11,906765.0,295483.0,14.484166666666667
2019-12-26,2.09,846116.0,413185.0,17.633333333333333
2019-12-27,1.75,848117.0,278358.0,13.813333333333333
2019-12-30,2.06,966810.0,540668.0,19.647916666666667
2019-12-31,2.09,972912.0,521378.0,18.993750000000002
2020-01-02,2.05,898740.0,326612.0,15.3275
2020-01-03,2.06,904407.0,352998.0,16.454583333333336
2020-01-06,2.1,920671.0,410673.0,18.245
2020-01-07,2.17,934769.0,415218.0,17.622916666666665
2020-01-08,2.09,973855.0,15472.0,15.926666666666668
2020-01-09,2.05,892566.0,267234.0,16.484166666666667
2020-01-10,2.05,895131.0,316883.0,17.672916666666666
2020-01-13,2.03,948613.0,368205.0,16.388333333333332
2020-01-14,2.15,907142.0,398932.0,17.10125
2020-01-15,2.01,913400.0,15198.0,16.870416666666667
2020-01-16,2.06,934678.0,411207.0,16.85125
2020-01-17,2.07,924334.0,450543.0,17.756666666666664
2020-01-21,1.98,1010767.0,431118.0,17.379583333333333
2020-01-22,1.89,1022565.0,17688.0,17.29041666666667
2020-01-23,1.95,934419.0,502791.0,17.479583333333334
2020-01-24,1.91,950951.0,520082.0,18.135416666666668
2020-01-27,2.03,900953.0,384301.0,16.13416666666667
2020-01-28,1.96,923041.0,266446.0,15.676666666666668
2020-01-29,1.93,1004363.0,539682.0,18.794583333333332
2020-01-30,1.94,1020397.0,641179.0,20.629166666666666
2020-01-31,1.91,962513.0,562141.0,18.820833333333333
2020-02-03,1.9,868229.0,225933.0,12.650416666666667
2020-02-04,1.89,928412.0,324703.0,14.402500000000002
2020-02-05,1.89,1111612.0,595808.0,20.793333333333333
2020-02-06,1.86,1137796.0,636109.0,21.175
2020-02-07,1.93,1013278.0,517630.0,17.73
2020-02-10,1.85,960098.0,482248.0,18.64125
2020-02-11,1.85,1043368.0,558909.0,19.68625
2020-02-12,1.91,1023110.0,576103.0,18.944166666666664
2020-02-13,1.95,1053253.0,589180.0,19.207083333333333
2020-02-14,1.93,1064407.0,543266.0,19.977083333333333
2020-02-18,2.04,914530.0,347625.0,16.411666666666665
2020-02-19,2.01,972696.0,559287.0,23.087500000000002
2020-02-20,1.98,1053175.0,447478.0,18.6025
2020-02-21,1.96,1060131.0,598439.0,25.433333333333334
2020-02-24,1.94,880081.0,349185.0,16.469583333333333
2020-02-25,1.93,927894.0,333924.0,15.685
2020-02-26,1.96,1031935.0,466090.0,21.778333333333332
2020-02-27,1.78,1047140.0,539538.0,20.685416666666665
2020-02-28,1.79,945703.0,535022.0,20.65791666666667
2020-03-02,1.75,876587.0,400011.0,19.850416666666668
2020-03-03,1.78,896852.0,431350.0,18.745833333333334
2020-03-04,1.83,906681.0,363206.0,16.883750000000003
2020-03-05,1.89,889704.0,359579.0,16.120416666666667
2020-03-06,1.76,878002.0,388093.0,15.621666666666668
2020-03-09,1.74,868431.0,362983.0,19.12875
2020-03-10,1.91,899828.0,444093.0,21.148333333333333
2020-03-11,1.96,933239.0,461533.0,22.355833333333333
2020-03-12,1.82,950081.0,452825.0,25.402916666666666
2020-03-13,1.94,927205.0,428854.0,20.11583333333333
2020-03-16,1.89,888795.0,492064.0,30.2975
2020-03-17,1.89,928992.0,449787.0,25.716250000000002
2020-03-18,1.73,950808.0,62686.0,22.62291666666667
2020-03-19,1.68,984928.0,367912.0,22.074166666666667
2020-03-20,1.76,917056.0,374389.0,20.319583333333334
2020-03-23,1.7,905492.0,430832.0,25.202083333333334
2020-03-24,1.73,953923.0,456986.0,60.0275
2020-03-25,1.8,975002.0,448237.0,45.21958333333333
2020-03-26,1.73,1009629.0,409179.0,32.854166666666664
2020-03-27,1.7,1013834.0,467831.0,24.68875
2020-03-30,1.65,889432.0,374843.0,17.69875
2020-03-31,1.71,877702.0,439392.0,32.540416666666665
2020-04-01,1.69,852725.0,258951.0,15.182916666666666
2020-04-02,1.55,867251.0,297599.0,14.822083333333333
2020-04-03,1.5,899070.0,329244.0,17.475416666666668
2020-04-06,1.64,854412.0,360147.0,17.500833333333333
2020-04-07,1.83,962567.0,452940.0,24.442083333333333
2020-04-08,1.86,1030974.0,527125.0,68.29833333333333
2020-04-09,1.74,962605.0,512168.0,21.06083333333333
2020-04-13,1.86,831371.0,325711.0,18.351666666666667
2020-04-14,1.76,841382.0,390954.0,21.30125
2020-04-15,1.68,837917.0,359182.0,18.292916666666667
2020-04-16,1.59,838649.0,237108.0,12.466666666666667
2020-04-17,1.71,857539.0,370557.0,17.504583333333333
2020-04-20,1.78,892050.0,470920.0,32.064166666666665
2020-04-21,1.92,941050.0,424486.0,21.495416666666667
2020-04-22,1.9,956407.0,328351.0,17.91
2020-04-23,1.86,954713.0,466184.0,33.755
2020-04-24,1.81,968386.0,360132.0,23.91
2020-04-27,1.68,933137.0,301140.0,16.753333333333334
2020-04-28,1.8,1024971.0,383996.0,23.725416666666664
2020-04-29,1.73,921024.0,373877.0,18.739166666666666
2020-04-30,1.63,900705.0,404535.0,18.361666666666668
2020-05-01,1.69,942362.0,289934.0,15.215833333333334
2020-05-04,1.78,1112336.0,484804.0,28.2375
2020-05-05,1.93,1043218.0,454310.0,20.5075
2020-05-06,1.9,940417.0,470580.0,20.495416666666667
2020-05-07,1.84,965800.0,289304.0,19.013333333333332
2020-05-08,1.74,977881.0,329719.0,20.425
2020-05-11,1.7,928870.0,324282.0,19.145
2020-05-12,1.61,942348.0,429724.0,21.0075
2020-05-13,1.56,1003870.0,361407.0,21.263749999999998
2020-05-14,1.6,1081823.0,471064.0,20.194166666666668
2020-05-15,1.66,1049218.0,448175.0,18.455416666666668
2020-05-18,1.77,1070397.0,524841.0,20.317083333333333
2020-05-19,1.85,1160105.0,557822.0,30.255416666666665
2020-05-20,1.83,1132149.0,523563.0,22.12125
2020-05-21,1.75,1122202.0,496067.0,19.655833333333334
2020-05-22,1.7,1177705.0,531579.0,18.925416666666667
2020-05-26,1.79,951484.0,497472.0,17.737083333333334
2020-05-27,1.78,990829.0,500497.0,19.431250000000002
2020-05-28,1.79,1015233.0,510687.0,18.39375
2020-05-29,1.7,1033205.0,567293.0,19.802916666666665
2020-06-01,1.59,1018505.0,528981.0,19.3225
2020-06-02,1.58,1107009.0,572098.0,18.979583333333334
2020-06-03,1.84,1155050.0,619387.0,22.58375
2020-06-04,1.68,1218367.0,616642.0,24.81458333333333
2020-06-05,1.8,1234830.0,635384.0,21.85166666666667
2020-06-08,1.68,1283132.0,659260.0,51.39416666666667
2020-06-09,1.68,1316125.0,601043.0,25.015833333333333
2020-06-10,1.72,1107667.0,590619.0,20.358333333333334
2020-06-11,1.77,1114513.0,478377.0,16.892083333333336
2020-06-12,1.67,1106753.0,505963.0,17.660833333333333
2020-06-15,1.64,1217703.0,579780.0,19.609166666666667
2020-06-16,1.43,1229300.0,559923.0,18.674583333333334
2020-06-17,1.55,1223266.0,496211.0,16.90125
2020-06-18,1.51,1223106.0,533959.0,17.095833333333335
2020-06-19,1.49,1208708.0,503450.0,18.427916666666665
2020-06-22,1.64,1168712.0,505916.0,17.395
2020-06-23,1.61,1106746.0,564274.0,17.97375
2020-06-24,1.64,1123758.0,620624.0,17.625833333333333
2020-06-25,1.53,1150875.0,585597.0,16.0025
2020-06-26,1.42,1143236.0,494547.0,15.262916666666667
2020-06-29,1.67,1275777.0,495032.0,16.3325
2020-06-30,1.76,1304352.0,564044.0,18.894166666666667
2020-07-01,1.69,1325087.0,664823.0,26.277083333333334
2020-07-02,1.58,1318978.0,700498.0,26.258750000000003
2020-07-06,1.71,1246152.0,735995.0,21.45375
2020-07-07,1.76,1250492.0,715444.0,20.800416666666667
2020-07-08,1.78,1318045.0,667478.0,22.210416666666664
2020-07-09,1.88,1365101.0,626052.0,23.024166666666662
2020-07-10,1.79,1361704.0,677090.0,29.94666666666667
2020-07-13,1.75,1418960.0,707701.0,26.57875
2020-07-14,1.74,1402851.0,662985.0,23.322916666666668
2020-07-15,1.76,1382548.0,664284.0,21.560000000000002
2020-07-16,1.79,1391461.0,741595.0,23.123333333333335
2020-07-17,1.79,1346851.0,691035.0,19.55125
2020-07-20,1.71,1305868.0,718964.0,21.69666666666667
2020-07-21,1.66,1261802.0,732566.0,19.670416666666668
2020-07-22,1.69,1297097.0,774395.0,21.973333333333333
2020-07-23,1.75,1337473.0,783681.0,28.794583333333335
2020-07-24,1.77,1331045.0,754129.0,33.88875
2020-07-27,1.85,1227882.0,696482.0,19.737083333333334
2020-07-28,1.83,1182318.0,675544.0,20.680833333333332
2020-07-29,1.77,1197523.0,626413.0,19.93875
2020-07-30,1.81,1308389.0,651103.0,23.06375
2020-07-31,1.83,1250872.0,723442.0,23.272916666666664
2020-08-03,1.95,1232459.0,755011.0,22.795
2020-08-04,2.07,1265297.0,703592.0,21.677083333333332
2020-08-05,2.23,1280461.0,644037.0,20.709166666666665
2020-08-06,2.26,1330282.0,614782.0,22.549166666666665
2020-08-07,2.15,1355271.0,606206.0,21.939999999999998
2020-08-10,2.18,1384116.0,628761.0,21.2075
2020-08-11,2.19,1412368.0,689617.0,23.023750000000003
2020-08-12,2.05,1427512.0,741228.0,23.005
2020-08-13,2.19,1430594.0,743909.0,116.72249999999998
2020-08-14,2.23,1423388.0,776652.0,230.08541666666667
2020-08-17,2.32,1266636.0,762158.0,34.50208333333333
2020-08-18,2.45,1291389.0,803125.0,34.39541666666667
2020-08-19,2.43,1252997.0,710527.0,26.62708333333333
2020-08-20,2.35,1252772.0,648383.0,24.68541666666667
2020-08-21,2.39,1263798.0,662327.0,23.836250000000003
2020-08-24,2.57,1271289.0,706487.0,28.85291666666667
2020-08-25,2.54,1286328.0,760857.0,33.12166666666666
2020-08-26,2.52,1273268.0,708311.0,24.374583333333334
2020-08-27,2.52,1283356.0,721749.0,36.39458333333334
2020-08-28,2.46,1398627.0,719719.0,39.27791666666666
2020-08-31,2.3,1424158.0,727314.0,35.805
2020-09-01,2.22,1361462.0,650666.0,25.233333333333334
2020-09-02,2.15,1241240.0,671102.0,28.027916666666666
2020-09-03,2.32,1219912.0,656773.0,23.672916666666666
2020-09-04,1.8,1177560.0,646093.0,23.468333333333334
2020-09-08,2.35,1208298.0,448040.0,19.305416666666666
2020-09-09,2.21,1135892.0,412869.0,19.779166666666665
2020-09-10,2.13,974557.0,463721.0,22.148750000000003
2020-09-11,1.93,1010378.0,551981.0,21.11625
2020-09-14,2.18,1166674.0,663523.0,21.302083333333332
2020-09-15,2.19,1190049.0,699814.0,26.89625
2020-09-16,2.06,1185024.0,700933.0,27.332083333333333
2020-09-17,1.65,1152338.0,633544.0,22.287499999999998
2020-09-18,1.56,1099955.0,582671.0,18.424583333333334
2020-09-21,1.33,958677.0,457463.0,14.860416666666666
2020-09-22,1.49,972886.0,515203.0,15.072083333333333
2020-09-23,1.74,976755.0,552689.0,15.846666666666666
2020-09-24,1.93,974158.0,547583.0,17.706666666666667
2020-09-25,1.9,1024888.0,449369.0,16.38375
2020-09-28,1.83,990770.0,369430.0,17.324166666666667
2020-09-29,1.74,914662.0,481132.0,16.96708333333333
2020-09-30,1.66,954484.0,474634.0,17.457916666666666
2020-10-01,1.6,969978.0,442775.0,15.200833333333334
2020-10-02,1.41,940385.0,376374.0,14.120833333333332
2020-10-05,1.92,995287.0,402178.0,13.649583333333332
2020-10-06,1.86,1038581.0,535156.0,19.40125
2020-10-07,2.01,1057836.0,553760.0,21.33583333333333
2020-10-08,1.49,1075088.0,505735.0,20.767500000000002
2020-10-09,2.25,1093706.0,554863.0,19.394166666666667
2020-10-12,2.31,1118027.0,591946.0,31.95
2020-10-13,2.14,1031817.0,543119.0,23.782916666666665
2020-10-14,2.02,1093006.0,459859.0,24.21166666666667
2020-10-15,2.23,1083169.0,407973.0,27.484583333333333
2020-10-16,2.16,893845.0,357585.0,22.3225
2020-10-19,2.3,1043807.0,597083.0,38.943333333333335
2020-10-20,2.57,1097230.0,489964.0,25.223333333333333
2020-10-21,2.95,1114077.0,440668.0,27.614166666666666
2020-10-22,2.99,1111041.0,423539.0,32.239583333333336
2020-10-23,2.91,1007815.0,397874.0,32.464999999999996
2020-10-26,3.14,988121.0,415255.0,27.155416666666667
2020-10-27,3.07,1000827.0,602209.0,31.840833333333332
2020-10-28,3.14,988165.0,488590.0,36.49166666666667
2020-10-29,3.06,956436.0,390565.0,28.876666666666665
2020-10-30,3.03,896584.0,475159.0,30.465833333333332
2020-11-02,3.03,870468.0,351103.0,33.657916666666665
2020-11-03,2.88,883414.0,268396.0,23.495833333333334
2020-11-04,2.63,889770.0,255218.0,24.87708333333333
2020-11-05,2.69,889157.0,420701.0,31.120416666666667
2020-11-06,2.67,882233.0,436186.0,31.61708333333333
2020-11-09,2.63,984476.0,306322.0,28.411666666666665
2020-11-10,2.74,964935.0,438972.0,41.90375
2020-11-11,2.75,937302.0,482221.0,36.01083333333333
2020-11-12,2.81,940613.0,424981.0,34.571666666666665
2020-11-13,2.82,935155.0,451112.0,35.674166666666665
2020-11-16,2.62,891795.0,342562.0,25.835833333333337
2020-11-17,2.55,892890.0,339132.0,23.452916666666667
2020-11-18,2.37,902722.0,238411.0,23.095416666666665
2020-11-19,2.19,915888.0,257941.0,22.674166666666665
2020-11-20,2.22,918792.0,369267.0,20.574583333333333
2020-11-23,2.23,894116.0,306992.0,18.84125
2020-11-24,2.47,940673.0,192943.0,18.399166666666666
2020-11-25,2.47,910084.0,352176.0,19.729166666666668
2020-11-30,2.89,1034884.0,445028.0,22.307083333333335
2020-12-01,2.89,1074899.0,322537.0,24.20875
2020-12-02,2.75,983366.0,244430.0,21.455
2020-12-03,2.46,1052162.0,401301.0,24.6525
2020-12-04,2.48,1035998.0,593083.0,22.472083333333334
2020-12-07,2.39,975331.0,553552.0,23.3325
2020-12-08,2.36,957862.0,517552.0,20.129583333333333
2020-12-09,2.45,943820.0,366255.0,18.140833333333333
2020-12-10,2.45,924701.0,218721.0,17.71625
2020-12-11,2.54,891785.0,327234.0,19.3075
2020-12-14,2.69,1088901.0,451160.0,24.12
2020-12-15,2.63,1098487.0,380473.0,22.305000000000003
2020-12-16,2.73,1105126.0,569748.0,26.21041666666667
2020-12-17,2.7,1100419.0,501627.0,23.465
2020-12-18,2.73,1020284.0,267777.0,20.9425
2020-12-21,2.68,958358.0,401635.0,22.10083333333333
2020-12-22,2.76,932205.0,195044.0,19.287499999999998
2020-12-23,2.76,918540.0,175520.0,18.55
2020-12-24,2.68,1024822.0,307387.0,22.660416666666666
2020-12-28,2.39,902731.0,214471.0,20.807916666666667
2020-12-29,2.4,890564.0,166000.0,17.995
2020-12-30,2.36,948249.0,226610.0,19.09875
2020-12-31,2.39,1083286.0,438814.0,25.467916666666667
2021-01-04,2.6,950550.0,408013.0,19.78875
2021-01-05,2.77,940062.0,313298.0,19.327083333333334
2021-01-06,2.76,929745.0,180916.0,16.508333333333333
2021-01-07,2.81,998811.0,376463.0,20.513749999999998
2021-01-08,2.77,1047237.0,498701.0,24.364583333333332
2021-01-11,2.71,1199508.0,685771.0,31.797083333333333
2021-01-12,2.89,1175318.0,618566.0,25.739583333333332
2021-01-13,2.82,1090445.0,361090.0,20.667916666666667
2021-01-14,2.82,1012997.0,248667.0,21.405416666666667
2021-01-15,2.86,1054689.0,317908.0,22.642083333333332
2021-01-19,2.65,934310.0,222431.0,20.142916666666668
2021-01-20,2.57,979019.0,450845.0,23.757499999999997
2021-01-21,2.49,945067.0,398401.0,19.369583333333335
2021-01-22,2.45,922238.0,438671.0,21.05875
2021-01-25,2.63,915473.0,225160.0,18.68583333333333
2021-01-26,2.73,939816.0,413399.0,21.965833333333332
2021-01-27,2.77,966888.0,391169.0,22.849999999999998
2021-01-28,2.76,1052965.0,434312.0,24.14833333333333
2021-01-29,2.68,993073.0,252530.0,21.74291666666667
2021-02-01,2.88,979589.0,453759.0,24.22
2021-02-02,3.24,968733.0,315873.0,21.95625
2021-02-03,3.01,931566.0,220544.0,21.030833333333334
2021-02-04,2.99,899032.0,215743.0,18.414166666666667
2021-02-05,3.49,954790.0,370172.0,24.045416666666668
2021-02-08,3.4,949471.0,307208.0,24.63791666666667
2021-02-09,3.35,1044704.0,535116.0,27.141666666666666
2021-02-10,3.76,1148896.0,667561.0,31.863333333333333
2021-02-11,6.5,1316349.0,814267.0,47.532916666666665
2021-02-12,6.12,1407236.0,885601.0,138.37
2021-02-16,11.32,1065116.0,692091.0,6939.073333333334
2021-02-17,23.86,1074624.0,719414.0,8822.74625
2021-02-18,8.56,1227142.0,757320.0,8094.013749999999
2021-02-19,4.96,1157027.0,637380.0,5283.184166666667
2021-02-22,3.16,837607.0,331779.0,27.08
2021-02-23,2.94,842670.0,239507.0,17.929166666666667
2021-02-24,2.8,821870.0,229433.0,14.569166666666668
2021-02-25,2.72,882593.0,297966.0,18.8625
2021-02-26,2.66,896506.0,365206.0,22.034166666666668
2021-03-01,2.7,909474.0,339562.0,19.742916666666666
2021-03-02,2.87,902852.0,391176.0,25.968333333333334
2021-03-03,2.86,901679.0,308773.0,22.940416666666668
2021-03-04,2.79,866865.0,188226.0,15.721666666666666
2021-03-05,2.72,850459.0,197319.0,17.89125
2021-03-08,2.67,874519.0,194026.0,21.189583333333335
2021-03-09,2.62,858752.0,163828.0,14.766666666666666
2021-03-10,2.62,880004.0,191301.0,25.788333333333338
2021-03-11,2.7,897112.0,298229.0,31.225416666666664
2021-03-12,2.65,924513.0,228948.0,29.03
2021-03-15,2.58,868381.0,324805.0,31.812916666666666
2021-03-16,2.5,912768.0,256801.0,27.525833333333335
2021-03-17,2.6,894509.0,182013.0,25.653333333333332
2021-03-18,2.45,876168.0,288180.0,23.795833333333334
2021-03-19,2.53,870864.0,410171.0,29.133750000000003
2021-03-22,2.55,884303.0,189814.0,25.320833333333336
2021-03-23,2.56,896294.0,401212.0,40.03625
2021-03-24,2.56,889384.0,326487.0,28.804583333333337
2021-03-25,2.52,885622.0,375893.0,37.641666666666666
2021-03-26,2.52,904566.0,271838.0,29.068749999999998
2021-03-29,2.58,878107.0,215829.0,24.355416666666667
2021-03-30,2.55,923959.0,261945.0,28.998333333333335
2021-03-31,2.52,904378.0,260322.0,27.674583333333334
2021-04-01,2.52,865272.0,317472.0,24.52125
2021-04-05,2.43,910816.0,220303.0,22.11916666666667
2021-04-06,2.44,981996.0,221841.0,18.556250000000002
2021-04-07,2.43,978754.0,375164.0,38.10583333333333
2021-04-08,2.47,978903.0,504988.0,65.84125
2021-04-09,2.48,1046521.0,382416.0,27.301666666666666
2021-04-12,2.5,1010333.0,361890.0,31.435833333333335
2021-04-13,2.57,1006406.0,467458.0,40.36833333333333
2021-04-14,2.65,981239.0,486348.0,61.8125
2021-04-15,2.62,919954.0,429018.0,31.292083333333334
2021-04-16,2.63,919805.0,384850.0,28.987083333333334
2021-04-19,2.75,876010.0,412546.0,40.50416666666667
2021-04-20,2.76,907136.0,304659.0,25.934583333333332
2021-04-21,2.72,899083.0,350037.0,28.539583333333336
2021-04-22,2.77,889168.0,264584.0,23.344583333333333
2021-04-23,2.79,931893.0,245767.0,23.184583333333332
2021-04-26,2.73,1013191.0,239302.0,28.665000000000003
2021-04-27,2.91,1024576.0,275268.0,30.47875
2021-04-28,2.98,1080781.0,416794.0,43.29708333333334
2021-04-29,2.91,1016252.0,373244.0,37.156666666666666
2021-04-30,2.86,932861.0,419362.0,37.20916666666667
2021-05-03,2.96,1149887.0,432816.0,44.02708333333334
2021-05-04,3.0,1040361.0,413915.0,35.639583333333334
2021-05-05,2.99,963936.0,381196.0,26.59
2021-05-06,2.9,1001655.0,418224.0,30.139583333333334
2021-05-07,2.9,1033935.0,295792.0,28.17625
2021-05-10,2.93,1070682.0,435039.0,48.39833333333333
2021-05-11,2.91,1029818.0,413137.0,36.9275
2021-05-12,2.91,909573.0,361550.0,29.33125
2021-05-13,2.95,926403.0,423385.0,26.898750000000003
2021-05-14,2.95,979325.0,284680.0,23.6975
2021-05-17,2.99,1045071.0,338980.0,27.091250000000002
2021-05-18,2.96,989329.0,334118.0,25.87625
2021-05-19,2.88,947957.0,375719.0,26.4875
2021-05-20,2.86,1002316.0,367039.0,23.53833333333333
2021-05-21,2.84,1067057.0,312762.0,23.647916666666664
2021-05-24,2.78,1031355.0,325181.0,23.435
2021-05-25,2.87,1082062.0,415470.0,25.04125
2021-05-26,2.91,1191595.0,417325.0,28.817083333333333
2021-05-27,2.85,1205182.0,467242.0,27.756249999999998
2021-05-28,2.91,1115707.0,471788.0,30.34625
2021-06-01,3.02,1030462.0,578678.0,28.827083333333334
2021-06-02,3.09,1069845.0,596557.0,25.278750000000002
2021-06-03,3.01,1023007.0,511002.0,25.977500000000003
2021-06-04,3.01,1017277.0,498912.0,24.295833333333334
2021-06-07,2.98,1189277.0,495632.0,28.63
2021-06-08,3.11,1262466.0,525908.0,33.497499999999995
2021-06-09,3.13,1306199.0,554991.0,31.431250000000002
2021-06-10,3.13,1317222.0,539583.0,30.976249999999997
2021-06-11,3.23,1326904.0,513371.0,27.909166666666668
2021-06-14,3.36,1353961.0,820715.0,57.51208333333333
2021-06-15,3.31,1312929.0,811741.0,281.70666666666665
2021-06-16,3.25,1304153.0,718175.0,88.71666666666665
2021-06-17,3.24,1331741.0,717739.0,41.125
2021-06-18,3.23,1308717.0,669404.0,38.0725
2021-06-21,3.15,1330256.0,500312.0,28.12375
2021-06-22,3.21,1223730.0,610242.0,30.507499999999997
2021-06-23,3.36,1331538.0,512840.0,31.195833333333336
2021-06-24,3.3,1390621.0,519102.0,32.985416666666666
2021-06-25,3.4,1390304.0,503573.0,32.46208333333333
2021-06-28,3.62,1154531.0,597981.0,31.01833333333333
2021-06-29,3.75,1172927.0,626015.0,30.4025
2021-06-30,3.79,1242218.0,676421.0,34.85375
2021-07-01,3.76,1299862.0,729454.0,38.64625
2021-07-02,3.67,1255503.0,705094.0,38.122499999999995
2021-07-06,3.68,1203477.0,690889.0,32.875416666666666
2021-07-07,3.66,1207902.0,698656.0,32.312083333333334
2021-07-08,3.56,1234101.0,692150.0,35.88458333333333
2021-07-09,3.71,1148080.0,518509.0,33.059583333333336
2021-07-12,3.7,1225115.0,642650.0,35.071666666666665
2021-07-13,3.78,1230471.0,537437.0,32.977916666666665
2021-07-14,3.8,1233423.0,439877.0,30.94125
2021-07-15,3.68,1281863.0,487410.0,31.800416666666667
2021-07-16,3.7,1306537.0,571838.0,33.614583333333336
2021-07-19,3.75,1280786.0,714094.0,51.623333333333335
2021-07-20,3.82,1246054.0,689848.0,31.48125
2021-07-21,3.94,1237683.0,686158.0,35.01833333333334
2021-07-22,4.02,1263058.0,582557.0,35.062083333333334
2021-07-23,4.11,1339787.0,532545.0,33.458333333333336
2021-07-26,4.09,1395748.0,783789.0,94.91250000000001
2021-07-27,4.15,1399791.0,830450.0,88.38375
2021-07-28,4.1,1375867.0,793150.0,53.638749999999995
2021-07-29,4.03,1387999.0,844430.0,61.852916666666665
2021-07-30,3.94,1389236.0,809673.0,62.32666666666666
2021-08-02,4.02,1258857.0,682310.0,36.495416666666664
2021-08-03,4.06,1268903.0,758192.0,36.6175
2021-08-04,4.2,1275093.0,760046.0,40.53791666666667
2021-08-05,4.27,1249404.0,682783.0,43.85041666666667
2021-08-06,4.21,1278474.0,617719.0,37.9925
2021-08-09,4.24,1431550.0,541163.0,37.24791666666667
2021-08-10,4.12,1425939.0,533594.0,36.532916666666665
2021-08-11,4.07,1402224.0,573062.0,38.821666666666665
2021-08-12,4.1,1407073.0,642217.0,43.62416666666667
2021-08-13,3.95,1359610.0,733235.0,46.465833333333336
2021-08-16,3.93,1269749.0,710342.0,39.254583333333336
2021-08-17,3.92,1273691.0,719031.0,35.410833333333336
2021-08-18,3.86,1249878.0,597237.0,29.03125
2021-08-19,3.83,1366658.0,613382.0,35.38166666666667
2021-08-20,3.94,1383880.0,621701.0,36.229166666666664
2021-08-23,3.93,1387406.0,613331.0,41.885
2021-08-24,3.95,1407966.0,657781.0,44.36416666666667
2021-08-25,4.03,1409327.0,731299.0,47.67958333333333
2021-08-26,4.07,1382894.0,791844.0,51.98916666666667
2021-08-27,4.35,1316783.0,728521.0,39.1675
2021-08-30,4.25,1350135.0,839972.0,65.55749999999999
2021-08-31,4.33,1391760.0,796649.0,76.50333333333333
2021-09-01,4.45,1420102.0,696494.0,46.21208333333333
2021-09-02,4.65,1396797.0,695626.0,43.31666666666666
2021-09-03,4.77,1370103.0,663165.0,45.069583333333334
2021-09-07,4.71,1280084.0,719934.0,51.01333333333333
2021-09-08,4.66,1268561.0,705991.0,45.969166666666666
2021-09-09,4.97,1231911.0,644169.0,46.91583333333333
2021-09-10,5.13,1215314.0,492858.0,40.72375
2021-09-13,5.21,1163356.0,506441.0,42.52458333333333
2021-09-14,5.39,1107094.0,503204.0,49.870416666666664
2021-09-15,5.66,1142791.0,602894.0,50.51333333333333
2021-09-16,5.52,1175868.0,561364.0,48.97833333333333
2021-09-17,5.32,1251424.0,605613.0,58.73499999999999
2021-09-20,5.25,1362975.0,593391.0,57.73041666666666
2021-09-21,4.96,1306430.0,528477.0,51.42416666666667
2021-09-22,4.92,1065836.0,512981.0,43.190416666666664
2021-09-23,4.94,1021061.0,369084.0,37.15333333333333
2021-09-24,5.1,1035419.0,415115.0,36.545
2021-09-27,5.53,1163308.0,526213.0,44.137499999999996
2021-09-28,5.94,1206627.0,526681.0,46.64875
2021-09-29,5.73,1169173.0,482561.0,48.2425
2021-09-30,5.58,1190830.0,528926.0,49.16458333333333
2021-10-01,5.61,1080410.0,594659.0,50.37916666666666
2021-10-04,5.8,1105314.0,642708.0,65.04833333333333
2021-10-05,6.37,1066730.0,546175.0,55.053333333333335
2021-10-06,6.0,1067996.0,528792.0,52.10874999999999
2021-10-07,5.71,1119056.0,456933.0,52.18291666666667
2021-10-08,5.46,1162011.0,444488.0,57.46125
2021-10-11,5.46,1101794.0,538349.0,60.40541666666667
2021-10-12,5.34,1172812.0,388421.0,49.790416666666665
2021-10-13,5.56,1195594.0,574876.0,59.007083333333334
2021-10-14,5.92,1100095.0,613476.0,68.36375
2021-10-15,5.44,1096779.0,500298.0,58.29750000000001
2021-10-18,5.01,919668.0,271844.0,41.2175
2021-10-19,4.81,989331.0,301140.0,40.72541666666667
2021-10-20,4.87,1046183.0,527595.0,107.83958333333334
2021-10-21,4.94,1054250.0,608965.0,138.69208333333333
2021-10-22,5.1,1071377.0,501625.0,48.80166666666667
2021-10-25,5.72,1144636.0,597131.0,72.29041666666667
2021-10-26,5.59,1161796.0,369202.0,52.10125
2021-10-27,5.91,1030004.0,265460.0,51.111250000000005
2021-10-28,5.68,910679.0,203024.0,41.59041666666666
2021-10-29,5.49,889237.0,285003.0,44.25333333333333
2021-11-01,5.22,930883.0,474106.0,51.240833333333335
2021-11-02,5.33,941797.0,479476.0,49.61666666666667
2021-11-03,5.59,949265.0,504787.0,61.595
2021-11-04,5.73,929038.0,530382.0,66.49916666666667
2021-11-05,5.51,924677.0,430205.0,49.61083333333334
2021-11-08,5.53,923593.0,231824.0,38.251666666666665
2021-11-09,5.08,924210.0,348750.0,41.580416666666665
2021-11-10,4.56,957573.0,260152.0,33.54
2021-11-11,4.81,927008.0,437727.0,48.14208333333334
2021-11-12,4.97,935323.0,359125.0,39.83208333333334
2021-11-15,4.77,952378.0,374527.0,40.935
2021-11-16,5.11,989350.0,179795.0,36.90958333333333
2021-11-17,4.82,1004620.0,206324.0,41.270833333333336
2021-11-18,4.95,942784.0,313175.0,40.80833333333333
2021-11-19,4.9,951016.0,269438.0,37.52375
2021-11-22,4.83,926915.0,404014.0,41.10875
2021-11-23,4.95,953784.0,196083.0,32.39625
2021-11-24,4.93,949575.0,202061.0,30.63875
2021-11-29,4.9,961054.0,342652.0,37.964999999999996
2021-11-30,4.52,949591.0,308015.0,35.055416666666666
2021-12-01,4.31,932453.0,448477.0,41.74916666666667
2021-12-02,4.08,948404.0,422238.0,34.83375
2021-12-03,3.79,960262.0,328841.0,33.58708333333333
2021-12-06,3.66,989285.0,326709.0,34.807916666666664
2021-12-07,3.6,979770.0,442905.0,33.444583333333334
2021-12-08,3.79,975109.0,438507.0,34.370416666666664
2021-12-09,3.67,999892.0,259012.0,30.201249999999998
2021-12-10,3.65,1052748.0,238733.0,35.17625
2021-12-13,4.05,997325.0,298887.0,28.104583333333334
2021-12-14,3.71,990982.0,223795.0,28.243333333333336
2021-12-15,3.79,1032129.0,221662.0,30.607083333333332
2021-12-16,3.67,1019674.0,427390.0,40.82041666666667
2021-12-17,3.71,1010522.0,354980.0,35.71458333333333
2021-12-20,3.91,1018717.0,532804.0,37.961666666666666
2021-12-21,3.96,1027538.0,515687.0,31.993750000000002
2021-12-22,3.95,969871.0,435123.0,31.330416666666665
2021-12-23,3.56,940001.0,156735.0,25.713333333333335
2021-12-27,3.45,953008.0,318236.0,28.042916666666667
2021-12-28,3.32,972659.0,294838.0,25.42833333333333
2021-12-29,3.4,978499.0,351003.0,29.99875
2021-12-30,3.82,959099.0,354206.0,27.397916666666664
2021-12-31,3.82,962282.0,281885.0,28.09
2022-01-03,3.74,1176385.0,560858.0,36.660833333333336
2022-01-04,3.73,1086514.0,315290.0,26.421666666666667
2022-01-05,3.78,996038.0,359213.0,28.2025
2022-01-06,3.94,1092120.0,403902.0,30.166666666666668
2022-01-07,3.83,1192806.0,481669.0,31.830416666666668
2022-01-10,4.16,1074731.0,508397.0,36.75875
2022-01-11,4.16,1109808.0,476729.0,35.115833333333335
2022-01-12,4.62,1028703.0,500931.0,35.867916666666666
2022-01-13,4.78,997015.0,510031.0,35.77291666666667
2022-01-14,4.37,978545.0,222232.0,30.180833333333336
2022-01-18,4.55,1003921.0,209095.0,28.445000000000004
2022-01-19,4.89,982727.0,192251.0,28.265
2022-01-20,4.45,1314227.0,539118.0,44.5375
2022-01-21,4.11,1311608.0,682681.0,41.55833333333333
2022-01-24,4.2,1055461.0,505570.0,32.062083333333334
2022-01-25,4.24,1049554.0,367626.0,28.6125
2022-01-26,4.43,1113985.0,548665.0,35.02166666666667
2022-01-27,4.43,1066822.0,507025.0,35.797916666666666
2022-01-28,5.69,1091432.0,457418.0,36.58416666666667
2022-01-31,5.56,962384.0,337033.0,39.56666666666667
2022-02-01,5.45,935646.0,287227.0,33.58041666666667
2022-02-02,6.7,1059396.0,351987.0,31.97375
2022-02-03,5.84,1427800.0,634841.0,72.65458333333333
2022-02-04,5.34,1481246.0,773909.0,110.55708333333332
2022-02-07,4.44,1090743.0,494078.0,42.89125000000001
2022-02-08,4.3,1080368.0,385523.0,30.98375
2022-02-09,4.13,1026206.0,492115.0,35.975833333333334
2022-02-10,4.03,990607.0,449785.0,34.32333333333333
2022-02-11,4.04,968229.0,211363.0,25.542916666666667
2022-02-14,4.05,1033470.0,254651.0,27.653750000000002
2022-02-15,4.31,990259.0,151660.0,24.923333333333332
2022-02-16,4.39,953794.0,122877.0,24.93625
2022-02-17,4.57,1028924.0,231335.0,32.28625
2022-02-18,4.61,1138333.0,547452.0,41.965833333333336
2022-02-22,4.48,1012906.0,196241.0,30.145833333333332
2022-02-23,4.59,1278692.0,574629.0,41.315000000000005
2022-02-24,4.78,1379388.0,862868.0,49.213750000000005
2022-02-25,4.63,1367624.0,751673.0,60.10125
2022-02-28,4.46,1090555.0,506039.0,38.77333333333333
2022-03-01,4.36,1001697.0,465515.0,36.53
2022-03-02,4.65,952970.0,410640.0,34.257083333333334
2022-03-03,4.63,932013.0,321761.0,34.355
2022-03-04,4.74,946313.0,135779.0,29.52125
2022-03-07,4.93,1025522.0,319477.0,42.95583333333334
2022-03-08,4.61,1105435.0,644711.0,74.59041666666667
2022-03-09,4.55,1068951.0,475616.0,57.821666666666665
2022-03-10,4.65,1003087.0,330916.0,39.2425
2022-03-11,4.79,1148591.0,392662.0,53.99375
2022-03-14,4.59,975167.0,164152.0,36.19416666666667
2022-03-15,4.46,927006.0,287206.0,43.42958333333333
2022-03-16,4.68,945345.0,158808.0,31.585416666666664
2022-03-17,4.8,945363.0,121835.0,31.302916666666665
2022-03-18,4.87,926458.0,242134.0,44.89124999999999
2022-03-21,4.77,970375.0,160321.0,38.22083333333333
2022-03-22,5.0,965341.0,159256.0,42.025
2022-03-23,5.26,963062.0,246041.0,48.36875
2022-03-24,5.19,959491.0,344143.0,48.70916666666667
2022-03-25,5.51,961274.0,395072.0,52.45416666666667
2022-03-28,5.52,1012026.0,193729.0,46.70416666666667
2022-03-29,5.32,1037956.0,172060.0,44.272083333333335
2022-03-30,5.32,986895.0,247833.0,50.609166666666674
2022-03-31,5.46,933382.0,385329.0,51.84625
2022-04-01,5.43,946141.0,155058.0,42.6975
2022-04-04,5.72,996252.0,390469.0,58.92250000000001
2022-04-05,5.95,1104485.0,402085.0,73.11583333333333
2022-04-06,6.29,1015006.0,237949.0,55.22083333333333
2022-04-07,6.05,918425.0,236692.0,51.82708333333333
2022-04-08,6.38,909910.0,310723.0,56.838750000000005
2022-04-11,6.35,1088566.0,395736.0,91.88499999999999
2022-04-12,6.59,1112862.0,306555.0,73.52291666666666
2022-04-13,6.68,1099698.0,379801.0,95.2675
2022-04-14,6.94,995414.0,313556.0,66.12125
2022-04-18,7.48,1010697.0,315859.0,61.725
2022-04-19,7.44,969002.0,166317.0,63.87916666666666
2022-04-20,7.12,1087375.0,329296.0,74.74375
2022-04-21,6.88,1144584.0,309644.0,81.06916666666667
2022-04-22,6.59,1142000.0,274041.0,82.73083333333334
2022-04-25,6.42,1014017.0,285814.0,76.78125
2022-04-26,6.89,950350.0,352297.0,62.31125
2022-04-27,6.91,1003724.0,264558.0,61.076249999999995
2022-04-28,6.97,1076785.0,246785.0,68.87375
2022-04-29,6.84,1122759.0,287421.0,68.33416666666666
2022-05-02,7.3,1185665.0,353838.0,59.11291666666667
2022-05-03,7.84,1118950.0,508207.0,81.36749999999999
2022-05-04,8.3,1170392.0,454839.0,80.80083333333333
2022-05-05,8.42,1154720.0,478005.0,106.705
2022-05-06,8.35,1155961.0,564061.0,149.5075
2022-05-09,8.06,1375848.0,526143.0,94.66624999999999
2022-05-10,6.78,1351023.0,532069.0,98.0225
2022-05-11,7.53,1304678.0,552094.0,126.50333333333333
2022-05-12,7.25,1273808.0,496660.0,167.74625
2022-05-13,7.75,1248297.0,603993.0,199.30875
2022-05-16,8.07,1313940.0,617454.0,131.01583333333335
2022-05-17,8.26,1336533.0,474485.0,101.89333333333333
2022-05-18,8.53,1352961.0,519083.0,99.03000000000002
2022-05-19,8.21,1362291.0,514025.0,97.49583333333334
2022-05-20,7.97,1375061.0,525627.0,94.3
2022-05-23,8.16,1097650.0,464176.0,84.41375000000001
2022-05-24,8.87,1084488.0,444372.0,71.64999999999999
2022-05-25,9.44,1034068.0,410563.0,82.96249999999999
2022-05-26,9.19,1116058.0,576788.0,85.48208333333332
2022-05-27,8.3,1229676.0,545495.0,115.47125
2022-05-31,8.46,1399475.0,485795.0,80.16458333333334
2022-06-01,8.47,1340202.0,598551.0,113.7
2022-06-02,8.9,1239866.0,690288.0,120.4175
2022-06-03,8.34,1209751.0,620122.0,85.18916666666667
2022-06-06,9.08,1395047.0,576655.0,84.01208333333334
2022-06-07,9.28,1410273.0,616117.0,94.545
2022-06-08,9.43,1377440.0,577660.0,93.96541666666667
2022-06-09,8.16,1377090.0,681374.0,105.89458333333333
2022-06-10,8.78,1415083.0,686193.0,126.89541666666666
2022-06-13,9.0,1491136.0,488969.0,86.76083333333332
2022-06-14,7.68,1461517.0,461907.0,85.72083333333335
2022-06-15,7.72,1449217.0,475736.0,98.875
2022-06-16,7.88,1458502.0,572904.0,102.68583333333333
2022-06-17,7.37,1435128.0,666701.0,124.78916666666667
2022-06-21,6.6,1482743.0,722706.0,82.6725
2022-06-22,6.76,1453539.0,802500.0,116.02749999999999
2022-06-23,6.54,1475761.0,787841.0,167.84875
2022-06-24,5.8,1488133.0,694428.0,93.22083333333335
2022-06-27,6.09,1374333.0,730655.0,66.545
2022-06-28,6.66,1298157.0,736418.0,74.55333333333333
2022-06-29,6.69,1312789.0,750456.0,66.74374999999999
2022-06-30,6.54,1348317.0,676033.0,73.31625
2022-07-01,5.75,1377188.0,655212.0,69.14375
2022-07-05,5.72,1489822.0,652603.0,60.961666666666666
2022-07-06,5.65,1499729.0,698352.0,59.27875
2022-07-07,5.83,1500764.0,734134.0,89.80958333333332
2022-07-08,6.4,1516057.0,828893.0,142.07208333333332
2022-07-11,6.82,1532784.0,879201.0,450.1254166666667
2022-07-12,6.81,1520516.0,819170.0,101.04416666666667
2022-07-13,6.68,1508806.0,910779.0,202.76041666666666
2022-07-14,6.9,1418616.0,771240.0,170.06333333333333
2022-07-15,6.6,1355059.0,741765.0,120.36583333333334
2022-07-18,7.65,1515122.0,807922.0,284.15625
2022-07-19,7.35,1559806.0,705128.0,157.29375
2022-07-20,7.58,1565350.0,791251.0,168.51875
2022-07-21,7.99,1525607.0,807050.0,84.60833333333333
2022-07-22,8.25,1451118.0,697347.0,89.92125
2022-07-25,8.52,1520468.0,696867.0,88.15249999999999
2022-07-26,9.46,1515805.0,712047.0,85.83833333333332
2022-07-27,8.65,1504299.0,756148.0,90.26666666666667
2022-07-28,8.75,1491340.0,766307.0,100.90041666666667
2022-07-29,8.33,1484556.0,762363.0,96.92
2022-08-01,8.2,1485578.0,687190.0,83.81333333333333
2022-08-02,8.01,1535738.0,648326.0,73.32125
2022-08-03,7.81,1547455.0,659223.0,82.74208333333333
2022-08-04,8.4,1526232.0,753010.0,130.71125
2022-08-05,8.3,1467595.0,768348.0,96.85291666666666
2022-08-08,7.76,1471607.0,834236.0,107.88416666666666
2022-08-09,7.87,1446656.0,863606.0,120.95375
2022-08-10,7.86,1409374.0,874159.0,155.4325
2022-08-11,8.53,1392753.0,888928.0,120.14625000000001
2022-08-12,8.73,1409396.0,857994.0,104.80458333333333
2022-08-15,8.62,1421731.0,707171.0,86.38499999999999
2022-08-16,9.28,1443046.0,835905.0,140.73458333333335
2022-08-17,9.51,1472384.0,846568.0,229.87375
2022-08-18,9.42,1334386.0,786922.0,87.51583333333333
2022-08-19,9.14,1264880.0,718048.0,87.75583333333333
2022-08-22,9.85,1283377.0,699033.0,74.74041666666666
2022-08-23,9.75,1248613.0,781224.0,81.72666666666667
2022-08-24,9.27,1271341.0,795611.0,88.75041666666668
2022-08-25,9.47,1300390.0,830179.0,108.20583333333333
2022-08-26,9.48,1326288.0,816141.0,100.17041666666667
2022-08-29,9.24,1359813.0,691011.0,90.25666666666666
2022-08-30,9.1,1259371.0,729473.0,90.31958333333334
2022-08-31,8.93,1273619.0,795116.0,89.09375
2022-09-01,9.38,1243992.0,771982.0,85.92208333333333
2022-09-02,9.18,1236844.0,716448.0,88.22000000000001
2022-09-06,8.52,1273206.0,754420.0,81.8325
2022-09-07,8.12,1285175.0,747687.0,83.49208333333333
2022-09-08,8.27,1262240.0,761574.0,89.3625
2022-09-09,8.31,1252355.0,660309.0,72.49458333333334
2022-09-12,8.2,1222118.0,710455.0,70.12916666666666
2022-09-13,8.49,1236075.0,605742.0,68.41458333333334
2022-09-14,8.7,1221747.0,531054.0,62.61333333333334
2022-09-15,8.6,1220248.0,502494.0,64.91541666666667
2022-09-16,8.11,1292897.0,525808.0,64.78125
2022-09-19,7.96,1367603.0,700120.0,85.53833333333334
2022-09-20,8.01,1378087.0,708612.0,83.43166666666666
2022-09-21,7.99,1358264.0,713514.0,90.05041666666666
2022-09-22,7.76,1328179.0,736145.0,108.68958333333335
2022-09-23,6.75,1332804.0,699272.0,70.56833333333334
2022-09-26,6.75,1228545.0,653003.0,54.1525
2022-09-27,6.83,1130569.0,528897.0,50.06458333333333
2022-09-28,6.59,1135753.0,534435.0,48.88041666666667
2022-09-29,6.57,1106496.0,533839.0,49.17458333333334
2022-09-30,6.4,1064834.0,472185.0,46.19291666666667
2022-10-03,5.64,1063206.0,535033.0,47.612500000000004
2022-10-04,5.4,1078964.0,536563.0,47.94
2022-10-05,5.84,1103052.0,576676.0,50.44125
2022-10-06,6.91,1122058.0,656604.0,60.68416666666667
2022-10-07,6.25,1087795.0,581113.0,61.26666666666667
2022-10-11,6.2,1118218.0,424115.0,55.04666666666666
2022-10-12,6.6,1232655.0,585463.0,86.41000000000001
2022-10-13,6.25,1138677.0,616228.0,61.79916666666667
2022-10-14,6.1,1106567.0,494659.0,52.018750000000004
2022-10-17,6.08,1002357.0,460922.0,53.87708333333333
2022-10-18,6.16,919931.0,489254.0,54.79416666666666
2022-10-19,5.63,929182.0,437461.0,51.17916666666667
2022-10-20,5.1,969471.0,415048.0,49.442083333333336
2022-10-21,4.45,1024978.0,312497.0,39.78916666666667
2022-10-24,4.81,1116833.0,377092.0,44.51416666666666
2022-10-25,5.17,948034.0,380484.0,50.723749999999995
2022-10-26,5.28,951713.0,335793.0,37.68416666666666
2022-10-27,5.3,964379.0,216524.0,33.59708333333334
2022-10-28,5.02,967969.0,283103.0,41.2425
2022-10-31,5.02,951262.0,475180.0,52.78541666666666
2022-11-01,4.57,955505.0,368953.0,39.662083333333335
2022-11-02,4.58,986658.0,319702.0,31.354166666666668
2022-11-03,4.65,1079223.0,301900.0,32.4525
2022-11-04,4.0,1112631.0,334601.0,43.51166666666666
2022-11-07,4.62,1089221.0,553634.0,41.9875
2022-11-08,4.0,1091567.0,400676.0,45.56458333333333
2022-11-09,3.46,1096049.0,326398.0,43.4925
2022-11-10,4.8,1050190.0,420087.0,76.32708333333333
2022-11-11,4.8,1021754.0,312344.0,45.995000000000005
2022-11-14,6.24,1071144.0,390437.0,42.35208333333333
2022-11-15,5.9,1104648.0,526639.0,63.02625
2022-11-16,5.88,1095500.0,596255.0,66.87958333333334
2022-11-17,6.2,1077000.0,464046.0,50.45708333333334
2022-11-18,6.1,1092154.0,456712.0,49.60791666666666
2022-11-21,6.23,1156523.0,590651.0,59.035833333333336
2022-11-22,6.27,1078291.0,497140.0,43.47125
2022-11-23,6.57,1010867.0,383876.0,41.82541666666667
2022-11-25,6.57,946712.0,257028.0,48.90125
2022-11-28,6.0,1025338.0,261956.0,51.05291666666667
2022-11-29,6.03,1035559.0,244069.0,44.994166666666665
2022-11-30,7.0,1052629.0,427430.0,49.181666666666665
2022-12-01,6.33,1108643.0,430783.0,49.96
2022-12-02,4.92,1018792.0,301643.0,41.62
2022-12-05,4.15,1020065.0,271773.0,39.602916666666665
2022-12-06,4.58,1021629.0,419243.0,39.0525
2022-12-07,4.49,1026636.0,481800.0,42.915416666666665
2022-12-08,4.79,1043174.0,513750.0,43.374583333333334
2022-12-09,4.98,1024812.0,560089.0,41.62916666666667
2022-12-12,6.73,1017015.0,275312.0,38.80583333333333
2022-12-13,7.2,1039339.0,286831.0,43.01291666666666
2022-12-14,6.54,995054.0,394580.0,46.6575
2022-12-15,6.8,1053949.0,536856.0,48.33291666666667
2022-12-16,6.63,1099751.0,550928.0,47.75208333333333
2022-12-19,6.08,1128333.0,455210.0,40.746249999999996
2022-12-20,5.28,1120227.0,547312.0,43.81375
2022-12-21,6.13,1185669.0,542908.0,33.53208333333333
2022-12-22,7.1,1399494.0,575190.0,51.92124999999999
2022-12-23,7.15,1642434.0,1006334.0,215.365
2022-12-27,4.88,1189290.0,426356.0,35.391666666666666
2022-12-28,4.06,1069446.0,205865.0,20.605833333333333
2022-12-29,3.78,932927.0,327794.0,21.624583333333334
2022-12-30,3.52,935201.0,458517.0,27.6975
2023-01-03,3.64,959753.0,333578.0,19.68166666666667
2023-01-04,3.75,983172.0,390871.0,22.6075
2023-01-05,3.78,1010664.0,520076.0,30.83375
2023-01-06,3.43,1028081.0,216411.0,20.89166666666667
2023-01-09,3.65,1001552.0,415917.0,25.36583333333333
2023-01-10,3.32,994242.0,255695.0,21.897499999999997
2023-01-11,3.41,1013517.0,210769.0,20.378333333333334
2023-01-12,3.47,1005946.0,298069.0,24.745416666666667
2023-01-13,3.43,1054762.0,533723.0,31.55125
2023-01-17,3.43,984862.0,433854.0,28.87291666666667
2023-01-18,3.2,993318.0,233845.0,21.260833333333334
2023-01-19,2.91,980909.0,439176.0,26.903333333333336
2023-01-20,3.15,1040341.0,312479.0,19.280416666666667
2023-01-23,3.43,1122904.0,330360.0,22.22083333333333
2023-01-24,3.35,1137081.0,489805.0,29.789583333333336
2023-01-25,3.09,1182692.0,514325.0,29.589583333333334
2023-01-26,2.72,1159863.0,586937.0,26.748333333333335
2023-01-27,2.83,1141136.0,389840.0,18.65041666666667
2023-01-30,2.82,1333964.0,795582.0,38.33416666666667
2023-01-31,2.65,1460027.0,943779.0,74.76958333333333
2023-02-01,2.65,1431245.0,958296.0,70.87083333333334
2023-02-02,2.67,1353546.0,848094.0,37.598333333333336
2023-02-03,2.4,1213422.0,635817.0,28.11708333333333
2023-02-06,2.17,981957.0,175771.0,13.461666666666666
2023-02-07,2.35,1005231.0,243173.0,13.055
2023-02-08,2.4,1069776.0,447020.0,19.610416666666666
2023-02-09,2.4,1068492.0,387773.0,19.43375
2023-02-10,2.37,1117242.0,401781.0,23.361666666666665
2023-02-13,2.42,1036972.0,370110.0,20.64625
2023-02-14,2.42,991164.0,222260.0,13.224166666666667
2023-02-15,2.45,1014472.0,248537.0,16.5275
2023-02-16,2.48,1083424.0,293311.0,19.10625
2023-02-17,2.28,1192882.0,615274.0,31.862916666666667
2023-02-21,2.12,1046965.0,263392.0,15.9625
2023-02-22,2.07,1057673.0,278027.0,18.312083333333334
2023-02-23,2.17,1052927.0,381500.0,17.8025
2023-02-24,2.36,1076391.0,557289.0,20.672916666666666
2023-02-27,2.55,1036974.0,317926.0,20.879166666666666
2023-02-28,2.5,1051038.0,370163.0,20.53375
2023-03-01,2.59,1063072.0,484290.0,28.457083333333333
2023-03-02,2.67,1058205.0,375593.0,24.01625
2023-03-03,2.66,968362.0,316901.0,21.816666666666666
2023-03-06,2.46,1040022.0,418615.0,28.401666666666667
2023-03-07,2.52,1061779.0,482982.0,27.72083333333333
2023-03-08,2.5,1059914.0,518307.0,34.27166666666667
2023-03-09,2.5,1059965.0,538106.0,29.86583333333333
2023-03-10,2.4,1033824.0,464619.0,26.752499999999998
2023-03-13,2.4,978278.0,340762.0,22.557916666666667
2023-03-14,2.65,990665.0,358341.0,23.99625
2023-03-15,2.45,1001127.0,182193.0,16.396666666666665
2023-03-16,2.45,1029259.0,179924.0,15.589166666666666
2023-03-17,2.42,1037665.0,337274.0,24.50375
2023-03-20,2.23,1127988.0,379528.0,20.23375
2023-03-21,1.93,1041252.0,237325.0,17.587500000000002
2023-03-22,2.03,1061223.0,284175.0,22.505
2023-03-23,2.08,1100250.0,419488.0,25.484166666666667
2023-03-24,2.04,1085261.0,423937.0,30.549583333333334
2023-03-27,2.04,1021413.0,526238.0,67.61
2023-03-28,2.02,1006303.0,377993.0,26.307083333333335
2023-03-29,1.94,978856.0,453445.0,25.58666666666667
2023-03-30,1.95,1033602.0,278435.0,22.034583333333334
2023-03-31,2.1,1116132.0,349733.0,25.019166666666667
2023-04-03,2.09,1201055.0,421386.0,32.330416666666665
2023-04-04,2.13,1196102.0,378731.0,28.922916666666666
2023-04-05,2.17,1065238.0,388113.0,24.903750000000002
2023-04-06,2.18,999387.0,336570.0,17.338333333333335
2023-04-10,2.15,982901.0,510287.0,27.640833333333333
2023-04-11,2.19,1012028.0,426014.0,20.266666666666666
2023-04-12,2.22,1021449.0,330268.0,18.355833333333333
2023-04-13,2.04,1040309.0,275184.0,18.87333333333333
2023-04-14,1.87,1059257.0,305266.0,20.249166666666667
2023-04-17,2.21,1011929.0,242533.0,17.534166666666668
2023-04-18,2.23,1041239.0,233146.0,19.693749999999998
2023-04-19,2.2,1120764.0,281644.0,24.403750000000002
2023-04-20,2.19,1121146.0,436541.0,45.56583333333333
2023-04-21,2.2,1041489.0,488962.0,46.770833333333336
2023-04-24,2.19,965187.0,445985.0,28.46166666666667
2023-04-25,2.21,1015595.0,380466.0,22.897499999999997
2023-04-26,2.19,1079539.0,416139.0,24.725416666666664
2023-04-27,2.17,1038271.0,464788.0,38.15083333333333
2023-04-28,2.27,1049533.0,312464.0,22.51375
2023-05-01,2.24,1058143.0,425241.0,27.08875
2023-05-02,2.12,1089095.0,489405.0,28.436666666666667
2023-05-03,2.01,1116776.0,533644.0,34.91041666666667
2023-05-04,1.96,1133113.0,476972.0,26.821250000000003
2023-05-05,1.85,1296178.0,540164.0,42.63583333333333
2023-05-08,2.12,1240422.0,548902.0,66.71
2023-05-09,2.22,1159925.0,486655.0,24.006249999999998
2023-05-10,2.12,1126237.0,453501.0,22.420833333333334
2023-05-11,2.07,1241675.0,541727.0,35.665
2023-05-12,1.98,1296516.0,591262.0,30.87375
2023-05-15,2.25,1175170.0,698785.0,46.83625
2023-05-16,2.28,1139584.0,714476.0,47.07874999999999
2023-05-17,2.25,1172967.0,676681.0,32.07958333333333
2023-05-18,2.3,1229064.0,611385.0,25.70875
2023-05-19,2.37,1282309.0,612800.0,31.520416666666666
2023-05-22,2.3,1172799.0,612431.0,28.30333333333333
2023-05-23,2.22,1230952.0,621483.0,27.520416666666666
2023-05-24,2.25,1223323.0,656767.0,30.205416666666665
2023-05-25,2.23,1217805.0,643934.0,29.278750000000002
2023-05-26,1.88,1221491.0,618919.0,29.347083333333334
2023-05-30,2.11,1242654.0,616480.0,21.290416666666665
2023-05-31,2.1,1287313.0,528723.0,19.970833333333335
2023-06-01,1.77,1296018.0,513269.0,22.290000000000003
2023-06-02,1.74,1313309.0,547686.0,23.815416666666664
2023-06-05,1.92,1199018.0,732675.0,25.6525
2023-06-06,1.95,1220472.0,745519.0,27.75791666666667
2023-06-07,2.13,1277959.0,764109.0,36.300000000000004
2023-06-08,2.1,1278190.0,724788.0,35.989583333333336
2023-06-09,1.85,1366251.0,722408.0,29.502916666666668
2023-06-12,1.9,1406255.0,638428.0,27.504166666666666
2023-06-13,2.0,1373353.0,725447.0,29.24083333333333
2023-06-14,2.05,1425310.0,778920.0,40.066250000000004
2023-06-15,2.18,1508906.0,721476.0,32.007083333333334
2023-06-16,2.13,1485438.0,803930.0,66.65416666666667
2023-06-20,2.38,1579713.0,853044.0,542.7333333333333
2023-06-21,2.24,1539931.0,800665.0,188.3925
2023-06-22,2.27,1444020.0,707828.0,44.540416666666665
2023-06-23,2.22,1485185.0,682721.0,39.85583333333333
2023-06-26,2.62,1590115.0,839185.0,323.31666666666666
2023-06-27,2.68,1605629.0,727075.0,53.165416666666665
2023-06-28,2.71,1591690.0,635394.0,44.2175
2023-06-29,2.4,1590617.0,641834.0,35.92166666666667
2023-06-30,2.48,1554621.0,665157.0,38.17
2023-07-03,2.48,1459346.0,836919.0,69.13541666666667
2023-07-05,2.65,1505348.0,721060.0,32.06375
2023-07-06,2.5,1424199.0,705594.0,26.655833333333334
2023-07-07,2.49,1413291.0,630286.0,26.135416666666668
2023-07-10,2.55,1545136.0,826456.0,40.205416666666665
2023-07-11,2.57,1562348.0,732387.0,33.01291666666666
2023-07-12,2.55,1619486.0,687071.0,38.78791666666667
2023-07-13,2.5,1627663.0,771215.0,94.77291666666667
2023-07-14,2.5,1611390.0,795116.0,69.76125
2023-07-17,2.46,1577749.0,792592.0,88.99833333333333
2023-07-18,2.52,1637420.0,702088.0,46.544999999999995
2023-07-19,2.51,1643017.0,709847.0,42.73916666666667
2023-07-20,2.61,1614940.0,826358.0,108.58625
2023-07-21,2.61,1579332.0,824756.0,83.61208333333333
2023-07-24,2.68,1540919.0,795140.0,52.54958333333334
2023-07-25,2.66,1584973.0,740327.0,32.31791666666667
2023-07-26,2.6,1583347.0,745561.0,38.93
2023-07-27,2.47,1571933.0,757989.0,41.608333333333334
2023-07-28,2.53,1554562.0,798439.0,42.36
2023-07-31,2.58,1626880.0,905651.0,157.00291666666666
2023-08-01,2.49,1658263.0,861595.0,59.40208333333334
2023-08-02,2.43,1656451.0,858053.0,58.180416666666666
2023-08-03,2.44,1663055.0,833289.0,87.80041666666666
2023-08-04,2.53,1671283.0,868610.0,139.4441666666667
2023-08-07,2.65,1675334.0,892042.0,171.63833333333332
2023-08-08,2.77,1656741.0,899572.0,74.03916666666667
2023-08-09,2.92,1681237.0,819569.0,125.0625
2023-08-10,2.83,1698373.0,932010.0,429.6033333333333
2023-08-11,2.61,1707487.0,862105.0,136.26624999999999
2023-08-14,2.74,1664092.0,843432.0,153.56208333333333
2023-08-15,2.65,1559781.0,913881.0,548.72
2023-08-16,2.55,1512754.0,829745.0,250.64000000000001
2023-08-17,2.56,1592477.0,861048.0,663.8929166666667
2023-08-18,2.44,1653152.0,876295.0,252.08
2023-08-21,2.6,1672907.0,952839.0,58.163333333333334
2023-08-22,2.58,1609539.0,922512.0,63.04958333333334
2023-08-23,2.6,1614906.0,907204.0,184.50166666666667
2023-08-24,2.42,1630121.0,989065.0,796.7675
2023-08-25,2.46,1642675.0,986675.0,1081.6133333333335
2023-08-28,2.6,1509201.0,946236.0,179.99791666666667
2023-08-29,2.5,1479913.0,926786.0,75.35916666666667
2023-08-30,2.48,1459101.0,928767.0,314.69708333333335
2023-08-31,2.56,1474479.0,894460.0,115.0075
2023-09-01,2.7,1481579.0,824567.0,84.92583333333333
2023-09-05,2.6,1623508.0,778096.0,36.16833333333333
2023-09-06,2.49,1613919.0,928843.0,172.66916666666665
2023-09-07,2.45,1637975.0,910523.0,361.43375
2023-09-08,2.53,1639404.0,872905.0,409.185
2023-09-11,2.5,1380220.0,675361.0,31.923333333333332
2023-09-12,2.72,1353968.0,785908.0,38.06875
2023-09-13,2.76,1328518.0,818818.0,32.49375
2023-09-14,2.81,1298042.0,723620.0,28.298333333333332
2023-09-15,2.74,1295868.0,739037.0,29.947083333333335
2023-09-18,2.54,1335006.0,678163.0,27.77208333333333
2023-09-19,2.46,1372570.0,590284.0,27.25708333333333
2023-09-20,2.78,1411395.0,707333.0,75.27374999999999
2023-09-21,2.7,1454209.0,747143.0,32.599583333333335
2023-09-22,2.63,1491779.0,703232.0,31.68625
2023-09-25,2.63,1432832.0,791312.0,42.422916666666666
2023-09-26,2.55,1390420.0,816267.0,63.2275
2023-09-27,2.72,1398960.0,764469.0,90.01125
2023-09-28,2.74,1430977.0,699784.0,37.825833333333335
2023-09-29,2.68,1441033.0,599291.0,28.00208333333333
2023-10-02,2.7,1342012.0,602396.0,34.16833333333333
2023-10-03,2.71,1321386.0,613003.0,31.753333333333334
2023-10-04,2.92,1407599.0,691736.0,33.02375
2023-10-05,2.92,1219975.0,633301.0,26.87708333333333
2023-10-06,3.3,1181093.0,595944.0,26.214583333333334
2023-10-10,3.34,1136447.0,474108.0,24.594166666666666
2023-10-11,3.19,1101072.0,395608.0,24.63625
2023-10-12,3.16,1144542.0,370343.0,24.211250000000003
2023-10-13,3.11,1209942.0,528419.0,43.03541666666666
2023-10-16,2.98,992395.0,526679.0,26.658749999999998
2023-10-17,2.94,1013597.0,404756.0,22.579583333333332
2023-10-18,2.92,1053996.0,335384.0,22.090833333333332
2023-10-19,2.84,1102452.0,570846.0,72.57291666666667
2023-10-20,2.6,1134298.0,596168.0,80.23333333333333
2023-10-23,2.65,1220724.0,466570.0,26.99
2023-10-24,2.85,1209266.0,468777.0,35.14541666666667
2023-10-25,2.86,1210938.0,564178.0,42.010416666666664
2023-10-26,2.87,1210365.0,544023.0,32.71083333333333
2023-10-27,3.24,1243016.0,591732.0,56.77
2023-10-30,3.17,1113088.0,446955.0,55.47833333333333
2023-10-31,3.34,1096001.0,548893.0,53.490833333333335
2023-11-01,3.19,1102259.0,467816.0,32.09875
2023-11-02,3.12,1085125.0,364575.0,25.589166666666667
2023-11-03,3.0,1041812.0,292522.0,21.762083333333333
2023-11-06,2.71,1099484.0,320892.0,28.13208333333333
2023-11-07,2.0,1144559.0,351833.0,34.285833333333336
2023-11-08,2.18,1158699.0,436845.0,68.46625
2023-11-09,2.71,1087837.0,465965.0,29.002499999999998
2023-11-10,2.71,1021347.0,525467.0,36.26541666666667
2023-11-13,2.61,1002056.0,548272.0,43.7925
2023-11-14,2.69,1001419.0,544136.0,50.03541666666666
2023-11-15,2.88,1007757.0,520734.0,46.057500000000005
2023-11-16,2.91,1026968.0,385639.0,23.233333333333334
2023-11-17,2.62,1035019.0,427429.0,30.875833333333333
2023-11-20,2.49,1065087.0,305220.0,18.977083333333333
2023-11-21,2.63,1050621.0,286123.0,17.1725
2023-11-22,2.72,1088328.0,586513.0,26.973333333333333
2023-11-24,2.72,1007329.0,430991.0,21.94666666666667
2023-11-27,2.74,1165236.0,686905.0,35.55083333333334
2023-11-28,2.78,1104179.0,596388.0,27.014583333333334
2023-11-29,2.7,1109702.0,413187.0,21.8125
2023-11-30,2.75,1057598.0,343110.0,21.633750000000003
2023-12-01,2.63,1036498.0,505994.0,26.28125
2023-12-04,2.55,1051396.0,508348.0,27.302083333333332
2023-12-05,2.72,1066384.0,565412.0,27.23625
2023-12-06,2.76,1066613.0,446034.0,25.27625
2023-12-07,2.52,1072705.0,220534.0,18.63625
2023-12-08,2.57,1053864.0,284047.0,19.20375
2023-12-11,2.39,1162189.0,542754.0,27.778333333333332
2023-12-12,2.37,1111226.0,450304.0,20.75583333333333
2023-12-13,2.33,1103846.0,392015.0,20.91625
2023-12-14,2.39,1091266.0,425364.0,19.381666666666664
2023-12-15,2.44,1066130.0,548720.0,20.903333333333332
2023-12-18,2.59,1096380.0,512329.0,18.270416666666666
2023-12-19,2.44,1132593.0,300438.0,16.463333333333335
2023-12-20,2.48,1087511.0,273636.0,15.67875
2023-12-21,2.48,1047526.0,446573.0,19.90458333333333
2023-12-22,2.54,1023713.0,497801.0,20.637083333333333
2023-12-26,2.5,1130824.0,506250.0,22.042916666666667
2023-12-27,2.63,1132038.0,475984.0,20.60291666666667
2023-12-28,2.55,1162637.0,536942.0,24.809583333333332
2023-12-29,2.58,1182897.0,530216.0,21.219166666666666
2024-01-02,2.56,1214291.0,666846.0,25.407916666666665
2024-01-03,2.57,1170747.0,640641.0,23.790000000000003
2024-01-04,2.83,1171000.0,476172.0,18.906666666666666
2024-01-05,2.75,1132958.0,441950.0,20.800416666666667
2024-01-08,2.72,1141976.0,194336.0,12.914583333333333
2024-01-09,3.25,1256898.0,410940.0,22.855416666666667
2024-01-10,3.25,1216938.0,378887.0,21.669583333333335
2024-01-11,3.15,1117137.0,312120.0,16.317083333333333
2024-01-12,13.2,1192578.0,419022.0,17.927083333333332
2024-01-16,3.25,1707314.0,986156.0,375.0516666666667
2024-01-17,2.86,1565991.0,672675.0,55.814166666666665
2024-01-18,2.88,1230680.0,527911.0,21.556250000000002
2024-01-19,2.7,1352597.0,539462.0,24.430833333333336
2024-01-22,2.35,1287203.0,715498.0,26.667916666666667
2024-01-23,2.15,1152741.0,663012.0,27.206666666666667
2024-01-24,2.45,1113760.0,732940.0,30.484166666666667
2024-01-25,2.56,1084315.0,643032.0,25.566666666666666
2024-01-26,2.36,1095020.0,549073.0,21.154166666666665
2024-01-29,2.41,1096508.0,546933.0,21.953333333333333
2024-01-30,2.26,1057283.0,589089.0,20.198333333333334
2024-01-31,2.19,1039027.0,502976.0,18.77541666666667
2024-02-01,2.15,1023745.0,224515.0,14.780000000000001
2024-02-02,2.01,1025653.0,232841.0,15.8225
2024-02-05,2.12,1055049.0,392624.0,19.587083333333332
2024-02-06,2.1,1056553.0,439903.0,19.14875
2024-02-07,1.94,1051294.0,212633.0,12.470416666666667
2024-02-08,1.74,1025186.0,282434.0,14.24375
2024-02-09,1.74,1040655.0,396123.0,18.31833333333333
2024-02-12,1.76,1133627.0,481782.0,20.185416666666665
2024-02-13,1.61,1118925.0,435221.0,14.955833333333333
2024-02-14,1.51,1073753.0,244227.0,9.759583333333333
2024-02-15,1.53,1020056.0,451992.0,14.820833333333333
2024-02-16,1.55,1026822.0,285714.0,10.62
2024-02-20,1.5,1072372.0,356087.0,12.50875
2024-02-21,1.58,1046725.0,214994.0,10.160833333333334
2024-02-22,1.62,1055852.0,296552.0,13.330833333333333
2024-02-23,1.52,1006595.0,471519.0,18.29
2024-02-26,1.65,1100886.0,327718.0,15.71375
2024-02-27,1.52,1119187.0,351123.0,15.822083333333333
2024-02-28,1.61,1081439.0,464530.0,16.579166666666666
2024-02-29,1.67,1132770.0,691455.0,20.267916666666668
2024-03-01,1.47,1083202.0,444061.0,16.949166666666667
2024-03-04,1.48,1099536.0,532051.0,30.79625
2024-03-05,1.51,1101109.0,578410.0,44.8675
2024-03-06,1.67,1076521.0,544238.0,24.992500000000003
2024-03-07,1.56,1069721.0,463490.0,17.47041666666667
2024-03-08,1.54,1091368.0,354913.0,17.01625
2024-03-11,1.54,1013538.0,307531.0,15.438749999999999
2024-03-12,1.57,1035771.0,263514.0,13.572083333333333
2024-03-13,1.25,1104176.0,314288.0,18.005416666666665
2024-03-14,1.26,1126737.0,499007.0,30.991249999999997
2024-03-15,1.38,1092560.0,397972.0,17.737916666666667
2024-03-18,1.54,1025092.0,519030.0,25.06833333333333
2024-03-19,1.55,1038973.0,457756.0,19.0
2024-03-20,1.58,1022974.0,479847.0,22.892500000000002
2024-03-21,1.55,1025206.0,577944.0,35.31
2024-03-22,1.5,1055871.0,471408.0,23.27416666666667
2024-03-25,1.46,1060710.0,319632.0,16.094166666666666
2024-03-26,1.48,1033868.0,492109.0,26.0275
2024-03-27,1.43,1045475.0,431084.0,18.97791666666667
2024-03-28,1.54,1044631.0,390555.0,21.152916666666666
2024-04-01,1.64,1159751.0,415246.0,27.889166666666668
2024-04-02,1.65,1084096.0,320052.0,18.35375
2024-04-03,1.86,1030279.0,440495.0,29.216250000000002
2024-04-04,1.78,1071579.0,456162.0,17.810416666666665
2024-04-05,1.58,1104985.0,205255.0,8.965416666666668
2024-04-08,1.73,1128942.0,498400.0,26.228333333333335
2024-04-09,1.83,1140885.0,456640.0,23.555833333333336
2024-04-10,1.9,1057619.0,334856.0,21.347083333333334
2024-04-11,1.62,1042239.0,428985.0,31.036666666666665
2024-04-12,1.36,1067603.0,257918.0,14.240833333333335
2024-04-15,1.41,1171655.0,378552.0,12.953333333333333
2024-04-16,1.38,1187902.0,508370.0,40.27791666666666
2024-04-17,1.5,1220713.0,576983.0,52.8525
2024-04-18,1.59,1252606.0,456211.0,20.228333333333335
2024-04-19,1.43,1139463.0,535504.0,24.783749999999998
2024-04-22,1.64,1023739.0,334935.0,17.09875
2024-04-23,1.59,1067615.0,307623.0,13.625416666666666
2024-04-24,1.6,1161658.0,490623.0,28.550833333333333
2024-04-25,1.46,1184454.0,348106.0,16.837083333333336
2024-04-26,1.4,1197731.0,393849.0,25.031666666666666
2024-04-29,1.55,1234120.0,660295.0,36.17958333333333
2024-04-30,1.68,1260501.0,457761.0,26.487916666666667
2024-05-01,1.63,1236514.0,460163.0,17.82916666666667
2024-05-02,1.66,1206525.0,590664.0,62.0425
2024-05-03,1.67,1206709.0,577708.0,34.57875
2024-05-06,1.88,1276155.0,463542.0,20.27875
2024-05-07,1.95,1355016.0,660562.0,32.706250000000004
2024-05-08,2.01,1384887.0,684836.0,274.90791666666667
2024-05-09,2.03,1347558.0,631426.0,28.156666666666666
2024-05-10,2.14,1237335.0,598429.0,27.030416666666667
2024-05-13,2.11,1199837.0,671950.0,55.22625
2024-05-14,2.14,1227391.0,654676.0,61.69375
2024-05-15,2.12,1301207.0,470069.0,19.955833333333334
2024-05-16,2.32,1178801.0,608191.0,34.06541666666667
2024-05-17,2.44,1112758.0,639343.0,90.90458333333333
2024-05-20,2.52,1401106.0,527343.0,27.89125
2024-05-21,2.52,1437292.0,631596.0,32.29291666666666
2024-05-22,2.51,1413452.0,610987.0,31.14916666666667
2024-05-23,2.64,1412970.0,586242.0,28.66208333333333
2024-05-24,2.22,1450373.0,661193.0,104.42458333333333
2024-05-28,2.29,1353713.0,539428.0,28.845
2024-05-29,2.2,1336099.0,642037.0,23.68166666666667
2024-05-30,1.87,1362032.0,598225.0,19.992083333333333
2024-05-31,1.78,1275430.0,619436.0,30.810833333333335
2024-06-03,2.55,1443167.0,598444.0,23.377916666666664
2024-06-04,2.58,1496026.0,640818.0,33.29875
2024-06-05,2.27,1406624.0,701584.0,42.4025
2024-06-06,2.3,1448123.0,708360.0,49.80875
2024-06-07,2.46,1506145.0,666003.0,27.586250000000003
2024-06-10,2.61,1422524.0,847332.0,44.458333333333336
2024-06-11,2.71,1379051.0,827883.0,39.57458333333333
2024-06-12,2.8,1409051.0,845046.0,40.6425
2024-06-13,2.79,1484944.0,776070.0,43.859166666666674
2024-06-14,2.74,1512652.0,766325.0,36.40291666666666
2024-06-17,2.5,1551858.0,561056.0,23.593333333333334
2024-06-18,2.43,1498652.0,525207.0,25.66208333333333
2024-06-20,2.39,1435303.0,705498.0,30.09875
2024-06-21,2.44,1481712.0,710043.0,31.4075
2024-06-24,2.58,1585068.0,797516.0,40.218333333333334
2024-06-25,2.61,1616834.0,758210.0,29.47666666666667
2024-06-26,2.45,1623798.0,814810.0,43.82041666666667
2024-06-27,2.55,1615503.0,857863.0,34.880833333333335
2024-06-28,2.42,1639451.0,682748.0,25.073333333333334
2024-07-01,2.21,1633392.0,716519.0,26.754166666666666
2024-07-02,2.06,1644988.0,665616.0,26.756666666666664
2024-07-03,2.02,1626754.0,704440.0,24.420833333333334
2024-07-05,2.02,1512135.0,724972.0,26.064999999999998
2024-07-08,2.1,1201735.0,579259.0,18.62875
2024-07-09,2.42,1292786.0,705664.0,26.97375
2024-07-10,2.4,1369967.0,743756.0,24.8075
2024-07-11,2.23,1390903.0,716499.0,25.409583333333334
2024-07-12,2.17,1375480.0,661848.0,21.42958333333333
2024-07-15,2.12,1539371.0,670099.0,19.44
2024-07-16,2.1,1576986.0,697202.0,25.210416666666664
2024-07-17,1.98,1514941.0,807103.0,29.87291666666667
2024-07-18,2.0,1428245.0,784170.0,23.889583333333334
2024-07-19,1.88,1446775.0,778204.0,22.741249999999997
2024-07-22,2.19,1383592.0,824043.0,22.23875
2024-07-23,2.13,1340013.0,792206.0,22.541666666666668
2024-07-24,2.0,1374896.0,793553.0,22.932083333333335
2024-07-25,2.0,1367450.0,796870.0,23.642916666666668
2024-07-26,1.98,1332072.0,757110.0,22.986666666666665
2024-07-29,1.9,1566479.0,629553.0,22.023333333333337
2024-07-30,1.81,1595772.0,639145.0,21.06833333333333
2024-07-31,1.94,1606129.0,634382.0,20.267500000000002
2024-08-01,1.95,1581705.0,721887.0,22.383750000000003
2024-08-02,1.89,1596518.0,871316.0,70.67833333333333
2024-08-05,1.83,1563904.0,888133.0,29.876666666666665
2024-08-06,1.83,1589461.0,886878.0,91.96375
2024-08-07,1.96,1643149.0,902870.0,56.77583333333333
2024-08-08,1.85,1661621.0,860844.0,29.737916666666667
2024-08-09,1.94,1602471.0,822855.0,30.794583333333335
2024-08-12,2.1,1648337.0,751562.0,25.556250000000002
2024-08-13,2.16,1662840.0,765747.0,23.530833333333334
2024-08-14,2.18,1664930.0,787839.0,27.478333333333335
2024-08-15,2.19,1673616.0,856608.0,37.566250000000004
2024-08-16,2.01,1685642.0,876701.0,42.72541666666667
2024-08-19,2.12,1681697.0,893854.0,65.425
2024-08-20,2.18,1685028.0,898376.0,75.0425
2024-08-21,2.14,1681718.0,868617.0,34.45791666666667
2024-08-22,1.93,1697247.0,828461.0,27.460833333333337
2024-08-23,1.82,1686607.0,818800.0,24.251666666666665
2024-08-26,2.13,1520840.0,823712.0,26.062083333333334
2024-08-27,1.91,1492390.0,829324.0,26.31625
2024-08-28,1.89,1497566.0,805741.0,27.49791666666667
2024-08-29,1.85,1468321.0,804568.0,23.704166666666666
2024-08-30,1.93,1458003.0,831940.0,24.149583333333336
2024-09-03,1.93,1343947.0,796348.0,19.91541666666667
2024-09-04,2.05,1325429.0,816660.0,22.9475
2024-09-05,2.02,1356800.0,790589.0,24.463333333333335
2024-09-06,2.09,1359509.0,657488.0,18.222916666666666
2024-09-09,2.03,1242207.0,567414.0,16.969583333333333
2024-09-10,2.13,1295242.0,623120.0,21.64708333333333
2024-09-11,2.13,1322824.0,722910.0,25.254583333333333
2024-09-12,2.13,1344687.0,690200.0,22.2325
2024-09-13,2.25,1425681.0,593558.0,18.625
2024-09-16,2.23,1449368.0,749480.0,25.415833333333335
2024-09-17,2.33,1452642.0,677586.0,24.714583333333334
2024-09-18,2.31,1502289.0,615843.0,22.979166666666668
2024-09-19,2.24,1555180.0,684699.0,31.114166666666666
2024-09-20,2.2,1546594.0,700595.0,25.189166666666665
2024-09-23,2.4,1398467.0,778455.0,31.320833333333336
2024-09-24,2.61,1421483.0,769717.0,30.215416666666666
2024-09-25,2.62,1378121.0,686271.0,30.4525
2024-09-26,2.64,1288757.0,640637.0,24.711249999999996
2024-09-27,2.53,1270205.0,661936.0,24.514583333333334
2024-09-30,2.65,1350770.0,731814.0,27.79375
2024-10-01,2.67,1358824.0,663571.0,27.42625
2024-10-02,2.77,1350017.0,665692.0,28.37291666666667
2024-10-03,2.75,1383593.0,572001.0,26.89125
2024-10-04,2.49,1360301.0,664029.0,31.755
2024-10-07,2.51,1354902.0,764175.0,58.61208333333334
2024-10-08,2.51,1296183.0,703304.0,32.1175
2024-10-09,2.43,1255737.0,560415.0,22.53916666666667
2024-10-10,2.26,1285946.0,563058.0,23.380416666666665
2024-10-11,2.31,1293370.0,512145.0,21.298750000000002
2024-10-15,2.37,1304913.0,556223.0,23.275000000000002
2024-10-16,2.21,1115613.0,365789.0,17.8875
2024-10-17,2.19,1082381.0,269891.0,16.402083333333334
2024-10-18,1.82,1119860.0,270638.0,18.3525
2024-10-21,1.76,1210758.0,428843.0,20.25583333333333
2024-10-22,1.76,1259636.0,648179.0,26.774583333333336
2024-10-23,1.9,1300356.0,702918.0,31.02
2024-10-24,2.04,1309275.0,517105.0,18.384583333333335
2024-10-25,1.93,1297447.0,633984.0,36.906666666666666
2024-10-28,2.03,1305413.0,449881.0,23.52541666666667
2024-10-29,1.82,1342873.0,439488.0,24.14625
2024-10-30,2.03,1356363.0,542278.0,26.362083333333334
2024-10-31,1.82,1258067.0,699050.0,38.37833333333334
2024-11-01,1.42,1173426.0,645850.0,26.630416666666665
2024-11-04,1.35,1285036.0,501028.0,24.87708333333333
2024-11-05,1.62,1127062.0,528925.0,24.31958333333333
2024-11-06,1.8,1120796.0,445321.0,19.18875
2024-11-07,1.49,1205651.0,591152.0,22.047916666666666
2024-11-08,1.21,1207343.0,562500.0,29.589583333333334
2024-11-11,1.21,1151120.0,665757.0,34.55125
2024-11-12,1.92,1131936.0,410392.0,14.157916666666667
2024-11-13,2.06,1142121.0,463063.0,24.59
2024-11-14,2.11,1075133.0,433125.0,18.919166666666666
2024-11-15,1.65,1069192.0,240419.0,14.15875
2024-11-18,2.08,1173300.0,342071.0,19.382083333333334
2024-11-19,2.1,1084785.0,379419.0,21.6925
2024-11-20,2.32,1052599.0,417109.0,19.667083333333334
2024-11-21,2.84,1083064.0,533673.0,25.96166666666667
2024-11-22,2.41,1086528.0,466479.0,26.491249999999997
2024-11-25,2.78,1133844.0,343468.0,26.40041666666667
2024-11-26,3.19,1101662.0,388653.0,22.197916666666668
2024-11-27,3.39,1116535.0,235118.0,17.245833333333334
2024-11-29,3.39,1094357.0,432464.0,30.96875
2024-12-02,3.05,1130356.0,549728.0,34.42875
2024-12-03,2.94,1130536.0,525086.0,30.490416666666665
2024-12-04,2.75,1124095.0,616051.0,35.86208333333334
2024-12-05,2.95,1124592.0,525514.0,26.860416666666666
2024-12-06,2.83,1218083.0,668669.0,40.42208333333333
2024-12-09,3.05,1127958.0,380557.0,22.830416666666668
2024-12-10,2.9,1179745.0,406904.0,26.907083333333333
2024-12-11,2.9,1242548.0,520544.0,26.773749999999996
2024-12-12,3.12,1221200.0,313076.0,21.32
2024-12-13,3.15,1139572.0,255491.0,19.82875
2024-12-16,2.87,1148246.0,448202.0,27.459999999999997
2024-12-17,2.85,1137075.0,508035.0,25.75708333333333
2024-12-18,3.01,1115385.0,400757.0,22.444166666666664
2024-12-19,3.15,1147463.0,492675.0,24.254583333333333
2024-12-20,3.1,1141977.0,473402.0,22.42375
2024-12-23,2.89,1098249.0,241783.0,19.693749999999998
2024-12-24,2.95,1068285.0,398121.0,22.85625
2024-12-26,2.96,1077459.0,498680.0,23.9075
2024-12-27,2.91,1094917.0,343237.0,19.5575
2024-12-30,3.39,1096027.0,243540.0,13.559583333333334
2024-12-31,3.4,1073460.0,324133.0,20.142500000000002
2025-01-02,3.65,1145327.0,477437.0,22.997500000000002
2025-01-03,3.4,1107486.0,461752.0,22.89625
2025-01-06,4.05,1456435.0,700898.0,34.89125
2025-01-07,3.8,1463246.0,728629.0,36.03541666666667
2025-01-08,3.75,1486556.0,824131.0,36.41791666666666
2025-01-09,3.94,1506329.0,917838.0,40.89291666666667
2025-01-10,4.13,1524107.0,649373.0,30.3875
2025-01-13,4.4,1283285.0,539515.0,30.42125
2025-01-14,4.32,1315447.0,632624.0,30.428749999999997
2025-01-15,4.45,1241415.0,643887.0,31.013333333333332
2025-01-16,4.3,1228235.0,532275.0,33.05958333333333
2025-01-17,9.86,1210054.0,259277.0,20.73875
2025-01-21,4.4,1653564.0,809499.0,73.69500000000001
2025-01-22,3.91,1551642.0,687066.0,41.63041666666667
2025-01-23,3.91,1402243.0,686605.0,28.995833333333334
2025-01-24,3.84,1376713.0,444797.0,23.941666666666666
2025-01-27,3.71,1250723.0,705945.0,31.96666666666667
2025-01-28,3.4,1196473.0,764484.0,29.758750000000003
2025-01-29,3.38,1140969.0,635429.0,27.6575
2025-01-30,3.12,1108012.0,339097.0,20.211666666666666
2025-01-31,2.93,1118236.0,373105.0,21.917083333333334
2025-02-03,3.3,1112294.0,283850.0,19.012083333333333
2025-02-04,3.25,1121098.0,389191.0,25.1875
2025-02-05,3.22,1136362.0,350713.0,21.645416666666666
2025-02-06,3.31,1145635.0,389425.0,25.38083333333333
2025-02-07,3.32,1150855.0,437751.0,23.515833333333333
2025-02-10,3.48,1190176.0,696240.0,28.804166666666664
2025-02-11,3.65,1222368.0,623098.0,24.612083333333334
2025-02-12,3.97,1250497.0,643488.0,24.748333333333335
2025-02-13,4.43,1390598.0,696152.0,31.034583333333334
2025-02-14,4.6,1306210.0,491423.0,27.37291666666667
2025-02-18,6.4,1282129.0,417357.0,24.662916666666664
2025-02-19,7.15,1724332.0,858908.0,45.614583333333336
2025-02-20,5.62,1701297.0,955124.0,140.32583333333335
2025-02-21,4.43,1623286.0,991942.0,75.42541666666666
2025-02-24,3.86,1156656.0,486677.0,30.02125
2025-02-25,3.88,1104022.0,383165.0,26.86
2025-02-26,3.9,1101753.0,209455.0,19.72041666666667
2025-02-27,3.91,1076711.0,373738.0,27.852500000000003
2025-02-28,3.91,1091365.0,431725.0,26.460833333333337
2025-03-03,3.8,1128554.0,280451.0,31.384583333333335
2025-03-04,4.39,1097023.0,227064.0,28.41333333333333
2025-03-05,4.4,1086639.0,372649.0,34.925000000000004
2025-03-06,4.39,1125531.0,201107.0,28.59875
2025-03-07,4.39,1115312.0,347942.0,43.614583333333336
2025-03-10,4.23,1123261.0,402790.0,37.69291666666667
2025-03-11,4.57,1106881.0,174970.0,27.77625
2025-03-12,4.18,1136423.0,200484.0,35.00083333333333
2025-03-13,3.89,1157639.0,349331.0,43.39166666666666
2025-03-14,3.89,1185718.0,227942.0,40.03791666666667
2025-03-17,4.15,1114257.0,196065.0,25.674166666666668
2025-03-18,4.17,1142418.0,171270.0,27.88208333333333
2025-03-19,4.21,1110150.0,216260.0,27.49791666666667
2025-03-20,4.23,1070888.0,330697.0,37.38708333333333
2025-03-21,3.93,1094142.0,226470.0,26.675
2025-03-24,4.03,1155321.0,462632.0,55.71958333333333
2025-03-25,3.94,1208844.0,398739.0,40.95125
2025-03-26,3.85,1180257.0,334380.0,31.653333333333332
2025-03-27,3.88,1112999.0,344224.0,32.268750000000004
2025-03-28,3.89,1109916.0,428440.0,33.88333333333333
2025-03-31,4.11,1186265.0,489873.0,43.74041666666667
2025-04-01,3.96,1200861.0,290329.0,35.95916666666667
2025-04-02,4.04,1251334.0,489864.0,66.54791666666667
2025-04-03,4.21,1259848.0,436004.0,54.70250000000001
2025-04-04,4.04,1242412.0,457503.0,43.123333333333335
2025-04-07,3.97,1101391.0,486214.0,42.125416666666666
2025-04-08,3.85,1105358.0,307146.0,27.675833333333333
2025-04-09,3.42,1130862.0,221794.0,25.635
2025-04-10,3.7,1178911.0,382294.0,34.87791666666667
2025-04-11,3.44,1191509.0,376118.0,33.34083333333333
2025-04-14,3.57,1273293.0,296247.0,34.612500000000004
2025-04-15,3.27,1178772.0,356866.0,33.945
2025-04-16,3.25,1217103.0,267788.0,30.24625
2025-04-17,2.94,1267151.0,262276.0,30.86125
2025-04-21,3.16,1202149.0,460712.0,34.00333333333333
2025-04-22,3.12,1277476.0,401062.0,34.260416666666664
2025-04-23,3.12,1247649.0,464765.0,35.62125
2025-04-24,2.87,1241281.0,497141.0,36.842083333333335
2025-04-25,2.71,1255178.0,520107.0,38.844166666666666
2025-04-28,2.96,1319740.0,423344.0,38.65208333333333
2025-04-29,3.17,1308111.0,494197.0,47.555416666666666
2025-04-30,3.12,1267836.0,573406.0,49.617916666666666
2025-05-01,3.08,1268101.0,602691.0,54.89958333333333
2025-05-02,3.1,1198581.0,465758.0,40.51708333333333
2025-05-05,3.26,1157162.0,310548.0,30.760833333333334
2025-05-06,3.08,1182244.0,493264.0,42.84791666666666
2025-05-07,3.18,1220320.0,596591.0,39.34666666666667
2025-05-08,3.23,1217611.0,624791.0,37.817083333333336
2025-05-09,3.22,1189407.0,495409.0,30.647916666666664
2025-05-12,3.19,1242219.0,509972.0,33.035000000000004
2025-05-13,3.27,1397002.0,444122.0,44.4575
2025-05-14,3.31,1485514.0,577181.0,65.00208333333333
2025-05-15,3.2,1466194.0,671443.0,66.43708333333333
2025-05-16,3.01,1470940.0,715990.0,52.58208333333334
2025-05-19,2.96,1469433.0,536918.0,36.66375
2025-05-20,3.15,1435297.0,666670.0,93.78958333333333
2025-05-21,3.2,1386571.0,551583.0,36.379583333333336
2025-05-22,3.0,1479751.0,603575.0,31.597083333333334
2025-05-23,2.93,1512757.0,583687.0,31.689999999999998
2025-05-27,3.2,1345553.0,691430.0,40.318333333333335
2025-05-28,3.09,1310541.0,663681.0,35.22125
2025-05-29,2.97,1389639.0,675670.0,34.63916666666667
2025-05-30,2.86,1318965.0,763331.0,44.725
2025-06-02,3.0,1509377.0,574476.0,33.13875
2025-06-03,2.84,1503239.0,537572.0,35.468333333333334
2025-06-04,2.8,1432458.0,676554.0,39.714166666666664
2025-06-05,2.86,1490863.0,645929.0,34.22208333333334
2025-06-06,2.68,1557183.0,653225.0,38.73375
2025-06-09,3.13,1512789.0,678275.0,46.065416666666664
2025-06-10,2.79,1445428.0,753948.0,37.306666666666665
2025-06-11,2.73,1348503.0,743035.0,34.54291666666666
2025-06-12,2.9,1325280.0,684732.0,35.257083333333334
2025-06-13,2.65,1469183.0,563816.0,32.559583333333336
2025-06-16,2.9,1479768.0,666397.0,32.12708333333333
2025-06-17,2.9,1558569.0,464182.0,27.150000000000002
2025-06-18,3.43,1579742.0,601205.0,39.29875
2025-06-20,3.09,1610412.0,528840.0,32.545833333333334
2025-06-23,3.5,1584008.0,525075.0,32.806666666666665
2025-06-24,3.3,1560277.0,582385.0,32.449999999999996
2025-06-25,3.26,1501571.0,600724.0,30.67125
2025-06-26,3.23,1513586.0,659459.0,30.571250000000003
2025-06-27,3.23,1534578.0,670223.0,31.8075
2025-06-30,3.26,1521312.0,738347.0,39.83
2025-07-01,3.14,1485461.0,840481.0,45.903333333333336
2025-07-02,3.1,1511809.0,820638.0,39.333333333333336
2025-07-03,3.24,1439379.0,726482.0,36.91375
2025-07-07,3.24,1501212.0,776569.0,36.50541666666667
2025-07-08,3.2,1492316.0,790065.0,34.17333333333333
2025-07-09,3.08,1467151.0,751108.0,31.062916666666666
2025-07-10,3.11,1523246.0,564590.0,28.886666666666667
2025-07-11,3.22,1543960.0,550949.0,27.632499999999997
2025-07-14,3.21,1503471.0,755807.0,42.13458333333333
2025-07-15,3.31,1571488.0,642011.0,33.20125
2025-07-16,3.42,1594489.0,596911.0,34.638333333333335
2025-07-17,3.52,1574193.0,659398.0,37.107083333333335
2025-07-18,3.5,1569370.0,622426.0,32.08166666666667
2025-07-21,3.5,1626845.0,537158.0,32.3425
2025-07-22,3.16,1634264.0,557306.0,32.166666666666664
2025-07-23,3.08,1641933.0,622857.0,33.33708333333333
2025-07-24,3.13,1661065.0,717882.0,41.257083333333334
2025-07-25,3.1,1583211.0,868617.0,45.08083333333334
2025-07-28,3.12,1638301.0,717284.0,32.975833333333334
2025-07-29,3.08,1642226.0,799805.0,38.87625
2025-07-30,2.98,1615225.0,845104.0,92.26791666666666
2025-07-31,2.99,1642843.0,895765.0,53.874583333333334
2025-08-01,3.0,1625479.0,939017.0,47.599583333333335
2025-08-04,2.89,1529607.0,749243.0,31.795416666666668
2025-08-05,2.98,1585090.0,695924.0,28.125416666666666
2025-08-06,3.02,1626044.0,662445.0,26.36791666666667
2025-08-07,3.05,1656122.0,714809.0,33.64458333333334
2025-08-08,3.03,1676405.0,663515.0,32.42041666666667
2025-08-11,3.05,1643889.0,853262.0,48.99
2025-08-12,2.93,1613521.0,880598.0,68.32791666666667
2025-08-13,2.95,1605459.0,891814.0,49.65291666666667
2025-08-14,2.78,1670992.0,779720.0,35.182916666666664
2025-08-15,2.98,1660913.0,701656.0,29.74416666666667
2025-08-18,2.96,1681422.0,840880.0,61.12041666666667
2025-08-19,2.87,1640195.0,971212.0,85.90541666666667
2025-08-20,2.8,1579630.0,911054.0,55.375
2025-08-21,2.88,1578604.0,946492.0,40.46541666666666
2025-08-22,2.76,1538396.0,893902.0,36.5625
2025-08-25,2.76,1608922.0,820265.0,32.6825
2025-08-26,2.82,1555145.0,820102.0,31.02416666666667
2025-08-27,2.88,1568945.0,810747.0,32.189166666666665
2025-08-28,2.9,1641313.0,759420.0,42.98916666666667
2025-08-29,2.88,1560101.0,859052.0,47.27875
2025-09-02,2.7,1516553.0,844413.0,34.810833333333335
2025-09-03,3.0,1531779.0,851494.0,36.19083333333334
2025-09-04,3.11,1551858.0,732832.0,32.893750000000004
2025-09-05,3.05,1582751.0,738583.0,33.793749999999996
2025-09-08,3.1,1362936.0,580273.0,24.219166666666666
2025-09-09,3.12,1375211.0,501755.0,21.1475
2025-09-10,2.89,1432961.0,517161.0,25.52333333333333
2025-09-11,2.81,1507659.0,603843.0,29.151666666666667
2025-09-12,2.86,1533679.0,598985.0,28.528333333333332
2025-09-15,3.0,1516070.0,732449.0,36.002500000000005
2025-09-16,3.07,1500810.0,731406.0,35.69833333333333
2025-09-17,3.19,1510709.0,750988.0,32.040416666666665
2025-09-18,3.1,1507875.0,788836.0,33.248333333333335
2025-09-19,2.89,1512227.0,767040.0,32.831250000000004
2025-09-22,2.9,1571698.0,705760.0,30.789166666666663
2025-09-23,2.86,1611082.0,709052.0,35.753750000000004
2025-09-24,2.88,1504196.0,748064.0,31.834999999999997
2025-09-25,2.98,1420633.0,776308.0,35.88708333333333
2025-09-26,2.9,1390327.0,679546.0,30.374583333333334
2025-09-29,2.93,1356031.0,714366.0,32.290416666666665
2025-09-30,3.12,1411446.0,746872.0,33.28875
2025-10-01,3.24,1424713.0,656549.0,33.00083333333333
2025-10-02,3.32,1442055.0,647840.0,32.72958333333333
2025-10-03,3.19,1441120.0,624993.0,32.45791666666667
2025-10-06,3.32,1454627.0,656086.0,39.8675
2025-10-07,3.32,1473378.0,756675.0,43.05708333333334
2025-10-08,3.35,1455146.0,798044.0,41.007083333333334
2025-10-09,3.25,1443056.0,717287.0,36.96125
2025-10-10,2.9,1367205.0,647673.0,33.933749999999996
2025-10-13,2.9,1365948.0,633384.0,38.74458333333333
2025-10-14,2.83,1352909.0,603488.0,37.04875
